"","X.1","X","age","animal.Alive","animal.Background","animal.Cause_of_Death","animal.Death","animal.Gender","animal.Genotype","animal.MouseID","animal.age","animal.id","animal.strain.Strain","assay.assay","experiment.date","experiment.feeding_state","experiment.time","id","values","Dexamethasone","Treatment","Diet","experiment.fasting_time"
"1",2,2,149,FALSE,"C57BL/6J","Sacrificed","2015-04-22","M","+/+",3035,191,8070,"C57BL/6J","Grip Strength (4 Paw)","2015-03-11","fed","13:30:00",29355,"2570,2590,2400,1730,2580",FALSE,"Water","NCD",NA
"2",5,5,155,FALSE,"C57BL/6J","Sacrificed","2015-04-22","M","+/+",3035,191,8070,"C57BL/6J","Grip Strength (4 Paw)","2015-03-17","fed","12:00:00",29984,"2370,2770,2480,1750,2280",FALSE,"Water","NCD",NA
"3",12,12,162,FALSE,"C57BL/6J","Sacrificed","2015-04-22","M","+/+",3035,191,8070,"C57BL/6J","Grip Strength (4 Paw)","2015-03-24","fed","15:30:00",31344,"2270,1720,1490,1850,2270",FALSE,"Water","NCD",NA
"4",14,14,169,FALSE,"C57BL/6J","Sacrificed","2015-04-22","M","+/+",3035,191,8070,"C57BL/6J","Grip Strength (4 Paw)","2015-03-31","fed","15:30:00",32261,"2750,2140,1560,1600,2180",FALSE,"Water","NCD",NA
"5",19,19,176,FALSE,"C57BL/6J","Sacrificed","2015-04-22","M","+/+",3035,191,8070,"C57BL/6J","Grip Strength (4 Paw)","2015-04-07","fed",NA,34123,"2380,2250,2230,2280,2330",FALSE,"Water","NCD",NA
"6",21,21,183,FALSE,"C57BL/6J","Sacrificed","2015-04-22","M","+/+",3035,191,8070,"C57BL/6J","Grip Strength (4 Paw)","2015-04-14","fed",NA,34170,"3270,2510,2620,3060,3490",FALSE,"Water","NCD",NA
"7",31,31,149,FALSE,"C57BL/6J","Sacrificed","2015-04-22","M","+/+",3036,191,8071,"C57BL/6J","Grip Strength (4 Paw)","2015-03-11","fed","13:30:00",29356,"3040,2930,2730,2260,2710",FALSE,"Water","NCD",NA
"8",34,34,155,FALSE,"C57BL/6J","Sacrificed","2015-04-22","M","+/+",3036,191,8071,"C57BL/6J","Grip Strength (4 Paw)","2015-03-17","fed","12:00:00",29985,"2260,1350,2110,2490,2610",FALSE,"Water","NCD",NA
"9",41,41,162,FALSE,"C57BL/6J","Sacrificed","2015-04-22","M","+/+",3036,191,8071,"C57BL/6J","Grip Strength (4 Paw)","2015-03-24","fed","15:30:00",31347,"2110,2080,2050,1940,2200",FALSE,"Water","NCD",NA
"10",43,43,169,FALSE,"C57BL/6J","Sacrificed","2015-04-22","M","+/+",3036,191,8071,"C57BL/6J","Grip Strength (4 Paw)","2015-03-31","fed","15:30:00",32263,"2810,2400,2490,2700,2760",FALSE,"Water","NCD",NA
"11",48,48,176,FALSE,"C57BL/6J","Sacrificed","2015-04-22","M","+/+",3036,191,8071,"C57BL/6J","Grip Strength (4 Paw)","2015-04-07","fed",NA,34124,"2490,3020,2670,1960,2570",FALSE,"Water","NCD",NA
"12",50,50,183,FALSE,"C57BL/6J","Sacrificed","2015-04-22","M","+/+",3036,191,8071,"C57BL/6J","Grip Strength (4 Paw)","2015-04-14","fed",NA,34171,"4100,3840,3680,3160,3560",FALSE,"Water","NCD",NA
"13",60,60,149,FALSE,"C57BL/6J","Sacrificed","2015-04-22","M","+/+",3037,191,8072,"C57BL/6J","Grip Strength (4 Paw)","2015-03-11","fed","13:30:00",29357,"3290,2900,2940,2110,2390",FALSE,"Water","NCD",NA
"14",63,63,155,FALSE,"C57BL/6J","Sacrificed","2015-04-22","M","+/+",3037,191,8072,"C57BL/6J","Grip Strength (4 Paw)","2015-03-17","fed","12:00:00",29983,"2410,2430,2930,2280,2000",FALSE,"Water","NCD",NA
"15",70,70,162,FALSE,"C57BL/6J","Sacrificed","2015-04-22","M","+/+",3037,191,8072,"C57BL/6J","Grip Strength (4 Paw)","2015-03-24","fed","15:30:00",31345,"2950,2100,1710,2160,2250",FALSE,"Water","NCD",NA
"16",72,72,169,FALSE,"C57BL/6J","Sacrificed","2015-04-22","M","+/+",3037,191,8072,"C57BL/6J","Grip Strength (4 Paw)","2015-03-31","fed","15:30:00",32260,"2910,2550,2350,2430,2430",FALSE,"Water","NCD",NA
"17",77,77,176,FALSE,"C57BL/6J","Sacrificed","2015-04-22","M","+/+",3037,191,8072,"C57BL/6J","Grip Strength (4 Paw)","2015-04-07","fed",NA,34122,"2600,2330,2000,2300,2880",FALSE,"Water","NCD",NA
"18",79,79,183,FALSE,"C57BL/6J","Sacrificed","2015-04-22","M","+/+",3037,191,8072,"C57BL/6J","Grip Strength (4 Paw)","2015-04-14","fed",NA,34193,"3270,3750,3270,2930,2930",FALSE,"Water","NCD",NA
"19",89,89,149,FALSE,"C57BL/6J","Sacrificed","2015-04-22","M","+/+",3038,191,8073,"C57BL/6J","Grip Strength (4 Paw)","2015-03-11","fed","13:30:00",29358,"2170,2020,1860,2000,2380",FALSE,"Water","NCD",NA
"20",94,94,155,FALSE,"C57BL/6J","Sacrificed","2015-04-22","M","+/+",3038,191,8073,"C57BL/6J","Grip Strength (4 Paw)","2015-03-17","fed","12:00:00",29986,"2450,2170,1950,1880,2180",FALSE,"Water","NCD",NA
"21",101,101,162,FALSE,"C57BL/6J","Sacrificed","2015-04-22","M","+/+",3038,191,8073,"C57BL/6J","Grip Strength (4 Paw)","2015-03-24","fed","15:30:00",31346,"1830,2370,2290,2080,2270",FALSE,"Water","NCD",NA
"22",103,103,169,FALSE,"C57BL/6J","Sacrificed","2015-04-22","M","+/+",3038,191,8073,"C57BL/6J","Grip Strength (4 Paw)","2015-03-31","fed","15:30:00",32262,"2310,2110,2230,2680,2500",FALSE,"Water","NCD",NA
"23",108,108,176,FALSE,"C57BL/6J","Sacrificed","2015-04-22","M","+/+",3038,191,8073,"C57BL/6J","Grip Strength (4 Paw)","2015-04-07","fed",NA,34125,"2250,2240,2150,2290,2130",FALSE,"Water","NCD",NA
"24",110,110,183,FALSE,"C57BL/6J","Sacrificed","2015-04-22","M","+/+",3038,191,8073,"C57BL/6J","Grip Strength (4 Paw)","2015-04-14","fed",NA,34194,"3250,3250,3110,2600,2750",FALSE,"Water","NCD",NA
"25",120,120,149,FALSE,"C57BL/6J","Sacrificed","2015-04-22","M","+/+",3039,191,8074,"C57BL/6J","Grip Strength (4 Paw)","2015-03-11","fed","13:30:00",29359,"2080,1720,2500,2130,2370",FALSE,"Water","NCD",NA
"26",123,123,155,FALSE,"C57BL/6J","Sacrificed","2015-04-22","M","+/+",3039,191,8074,"C57BL/6J","Grip Strength (4 Paw)","2015-03-17","fed","12:00:00",29990,"2480,2080,1860,2570,2200",FALSE,"Water","NCD",NA
"27",130,130,162,FALSE,"C57BL/6J","Sacrificed","2015-04-22","M","+/+",3039,191,8074,"C57BL/6J","Grip Strength (4 Paw)","2015-03-24","fed","15:30:00",31355,"2930,2810,3020,3040,2710",FALSE,"Water","NCD",NA
"28",132,132,169,FALSE,"C57BL/6J","Sacrificed","2015-04-22","M","+/+",3039,191,8074,"C57BL/6J","Grip Strength (4 Paw)","2015-03-31","fed","15:30:00",32268,"2570,2890,2690,2730,2440",FALSE,"Water","NCD",NA
"29",137,137,176,FALSE,"C57BL/6J","Sacrificed","2015-04-22","M","+/+",3039,191,8074,"C57BL/6J","Grip Strength (4 Paw)","2015-04-07","fed",NA,34130,"2340,2350,2730,2750,2210",FALSE,"Water","NCD",NA
"30",139,139,183,FALSE,"C57BL/6J","Sacrificed","2015-04-22","M","+/+",3039,191,8074,"C57BL/6J","Grip Strength (4 Paw)","2015-04-14","fed",NA,34195,"2120,3030,2660,2370,2540",FALSE,"Water","NCD",NA
"31",149,149,149,FALSE,"C57BL/6J","Sacrificed","2015-04-22","M","+/+",3040,191,8075,"C57BL/6J","Grip Strength (4 Paw)","2015-03-11","fed","13:30:00",29360,"2830,2850,2570,3250,2480",FALSE,"Water","NCD",NA
"32",152,152,155,FALSE,"C57BL/6J","Sacrificed","2015-04-22","M","+/+",3040,191,8075,"C57BL/6J","Grip Strength (4 Paw)","2015-03-17","fed","12:00:00",29987,"2080,2310,1830,1560,2700",FALSE,"Water","NCD",NA
"33",159,159,162,FALSE,"C57BL/6J","Sacrificed","2015-04-22","M","+/+",3040,191,8075,"C57BL/6J","Grip Strength (4 Paw)","2015-03-24","fed","15:30:00",31353,"2580,2250,2120,1250,2260",FALSE,"Water","NCD",NA
"34",161,161,169,FALSE,"C57BL/6J","Sacrificed","2015-04-22","M","+/+",3040,191,8075,"C57BL/6J","Grip Strength (4 Paw)","2015-03-31","fed","15:30:00",32269,"3430,3160,3090,3140,2930",FALSE,"Water","NCD",NA
"35",166,166,176,FALSE,"C57BL/6J","Sacrificed","2015-04-22","M","+/+",3040,191,8075,"C57BL/6J","Grip Strength (4 Paw)","2015-04-07","fed",NA,34131,"2870,2810,3020,2730,2300",FALSE,"Water","NCD",NA
"36",168,168,183,FALSE,"C57BL/6J","Sacrificed","2015-04-22","M","+/+",3040,191,8075,"C57BL/6J","Grip Strength (4 Paw)","2015-04-14","fed",NA,34196,"3130,3120,2370,3070,2760",FALSE,"Water","NCD",NA
"37",178,178,149,FALSE,"C57BL/6J","Sacrificed","2015-04-22","M","+/+",3041,191,8076,"C57BL/6J","Grip Strength (4 Paw)","2015-03-11","fed","13:30:00",29361,"2430,2370,1810,2230,1800",FALSE,"Water","NCD",NA
"38",179,179,155,FALSE,"C57BL/6J","Sacrificed","2015-04-22","M","+/+",3041,191,8076,"C57BL/6J","Grip Strength (4 Paw)","2015-03-17","fed","12:00:00",29989,"2120,2450,2450,2360,2110",FALSE,"Water","NCD",NA
"39",186,186,162,FALSE,"C57BL/6J","Sacrificed","2015-04-22","M","+/+",3041,191,8076,"C57BL/6J","Grip Strength (4 Paw)","2015-03-24","fed","15:30:00",31354,"2830,2850,2950,2560,2760",FALSE,"Water","NCD",NA
"40",188,188,169,FALSE,"C57BL/6J","Sacrificed","2015-04-22","M","+/+",3041,191,8076,"C57BL/6J","Grip Strength (4 Paw)","2015-03-31","fed","15:30:00",32270,"2580,2950,2450,2850,1940",FALSE,"Water","NCD",NA
"41",193,193,176,FALSE,"C57BL/6J","Sacrificed","2015-04-22","M","+/+",3041,191,8076,"C57BL/6J","Grip Strength (4 Paw)","2015-04-07","fed",NA,34132,"2580,2390,1890,1940,2020",FALSE,"Water","NCD",NA
"42",195,195,183,FALSE,"C57BL/6J","Sacrificed","2015-04-22","M","+/+",3041,191,8076,"C57BL/6J","Grip Strength (4 Paw)","2015-04-14","fed",NA,34197,"2300,2980,2320,2610,2300",FALSE,"Water","NCD",NA
"43",205,205,149,FALSE,"C57BL/6J","Sacrificed","2015-04-22","M","+/+",3042,191,8077,"C57BL/6J","Grip Strength (4 Paw)","2015-03-11","fed","13:30:00",29362,"2660,3410,3180,2290,2850",FALSE,"Water","NCD",NA
"44",208,208,155,FALSE,"C57BL/6J","Sacrificed","2015-04-22","M","+/+",3042,191,8077,"C57BL/6J","Grip Strength (4 Paw)","2015-03-17","fed","12:00:00",29988,"2290,2390,1980,1660,2560",FALSE,"Water","NCD",NA
"45",215,215,162,FALSE,"C57BL/6J","Sacrificed","2015-04-22","M","+/+",3042,191,8077,"C57BL/6J","Grip Strength (4 Paw)","2015-03-24","fed","15:30:00",31352,"2270,1990,1950,2120,1540",FALSE,"Water","NCD",NA
"46",217,217,169,FALSE,"C57BL/6J","Sacrificed","2015-04-22","M","+/+",3042,191,8077,"C57BL/6J","Grip Strength (4 Paw)","2015-03-31","fed","15:30:00",32271,"2760,3480,2620,2660,3400",FALSE,"Water","NCD",NA
"47",222,222,176,FALSE,"C57BL/6J","Sacrificed","2015-04-22","M","+/+",3042,191,8077,"C57BL/6J","Grip Strength (4 Paw)","2015-04-07","fed",NA,34133,"2980,2630,2370,2910,2680",FALSE,"Water","NCD",NA
"48",224,224,183,FALSE,"C57BL/6J","Sacrificed","2015-04-22","M","+/+",3042,191,8077,"C57BL/6J","Grip Strength (4 Paw)","2015-04-14","fed",NA,34198,"3230,2520,3100,2810,2580",FALSE,"Water","NCD",NA
"49",234,234,149,TRUE,"C57BL/6J","",NA,"M","+/+",3043,200,8078,"C57BL/6J","Grip Strength (4 Paw)","2015-03-11","fed","13:30:00",29363,"2620,2140,2090,2660,2350",FALSE,"Water","NCD",NA
"50",237,237,155,TRUE,"C57BL/6J","",NA,"M","+/+",3043,200,8078,"C57BL/6J","Grip Strength (4 Paw)","2015-03-17","fed","12:00:00",29992,"2120,2180,2320,2010,2390",FALSE,"Water","NCD",NA
"51",244,244,162,TRUE,"C57BL/6J","",NA,"M","+/+",3043,200,8078,"C57BL/6J","Grip Strength (4 Paw)","2015-03-24","fed","15:30:00",31458,"2810,2960,2310,2800,2560",FALSE,"Water","NCD",NA
"52",246,246,169,TRUE,"C57BL/6J","",NA,"M","+/+",3043,200,8078,"C57BL/6J","Grip Strength (4 Paw)","2015-03-31","fed","15:30:00",32272,"2550,2520,3200,2640,2710",FALSE,"Water","NCD",NA
"53",251,251,176,TRUE,"C57BL/6J","",NA,"M","+/+",3043,200,8078,"C57BL/6J","Grip Strength (4 Paw)","2015-04-07","fed",NA,34134,"2330,2290,2860,2490,2000",FALSE,"Water","NCD",NA
"54",253,253,183,TRUE,"C57BL/6J","",NA,"M","+/+",3043,200,8078,"C57BL/6J","Grip Strength (4 Paw)","2015-04-14","fed",NA,34199,"3250,2540,2430,2550,2800",FALSE,"Water","NCD",NA
"55",263,263,149,TRUE,"C57BL/6J","",NA,"M","+/+",3044,200,8079,"C57BL/6J","Grip Strength (4 Paw)","2015-03-11","fed","13:30:00",29364,"2330,2150,2430,2330,1960",FALSE,"Water","NCD",NA
"56",266,266,155,TRUE,"C57BL/6J","",NA,"M","+/+",3044,200,8079,"C57BL/6J","Grip Strength (4 Paw)","2015-03-17","fed","12:00:00",29994,"1270,1530,2080,1890,2430",FALSE,"Water","NCD",NA
"57",273,273,162,TRUE,"C57BL/6J","",NA,"M","+/+",3044,200,8079,"C57BL/6J","Grip Strength (4 Paw)","2015-03-24","fed","15:30:00",31459,"1950,2140,2160,1970,2210",FALSE,"Water","NCD",NA
"58",275,275,169,TRUE,"C57BL/6J","",NA,"M","+/+",3044,200,8079,"C57BL/6J","Grip Strength (4 Paw)","2015-03-31","fed","15:30:00",32273,"2750,2890,2050,2600,2250",FALSE,"Water","NCD",NA
"59",280,280,176,TRUE,"C57BL/6J","",NA,"M","+/+",3044,200,8079,"C57BL/6J","Grip Strength (4 Paw)","2015-04-07","fed",NA,34135,"2480,2330,2430,2690,2170",FALSE,"Water","NCD",NA
"60",282,282,183,TRUE,"C57BL/6J","",NA,"M","+/+",3044,200,8079,"C57BL/6J","Grip Strength (4 Paw)","2015-04-14","fed",NA,34200,"2950,2830,3100,2870,2960",FALSE,"Water","NCD",NA
"61",292,292,149,TRUE,"C57BL/6J","",NA,"M","+/+",3045,200,8080,"C57BL/6J","Grip Strength (4 Paw)","2015-03-11","fed","13:30:00",29365,"2390,2600,2930,2940,2850",FALSE,"Water","NCD",NA
"62",295,295,155,TRUE,"C57BL/6J","",NA,"M","+/+",3045,200,8080,"C57BL/6J","Grip Strength (4 Paw)","2015-03-17","fed","12:00:00",29991,"1950,1830,1600,2080,2470",FALSE,"Water","NCD",NA
"63",302,302,162,TRUE,"C57BL/6J","",NA,"M","+/+",3045,200,8080,"C57BL/6J","Grip Strength (4 Paw)","2015-03-24","fed","15:30:00",31460,"3220,3110,3020,3210,2610",FALSE,"Water","NCD",NA
"64",304,304,169,TRUE,"C57BL/6J","",NA,"M","+/+",3045,200,8080,"C57BL/6J","Grip Strength (4 Paw)","2015-03-31","fed","15:30:00",32274,"2730,2960,2970,2940,2660",FALSE,"Water","NCD",NA
"65",309,309,176,TRUE,"C57BL/6J","",NA,"M","+/+",3045,200,8080,"C57BL/6J","Grip Strength (4 Paw)","2015-04-07","fed",NA,34136,"2210,2780,2150,2130,2330",FALSE,"Water","NCD",NA
"66",311,311,183,TRUE,"C57BL/6J","",NA,"M","+/+",3045,200,8080,"C57BL/6J","Grip Strength (4 Paw)","2015-04-14","fed",NA,34201,"2760,2960,2980,2680,2340",FALSE,"Water","NCD",NA
"67",321,321,149,TRUE,"C57BL/6J","",NA,"M","+/+",3046,200,8081,"C57BL/6J","Grip Strength (4 Paw)","2015-03-11","fed","13:30:00",29366,"3280,2960,3080,2440,3000",FALSE,"Water","NCD",NA
"68",324,324,155,TRUE,"C57BL/6J","",NA,"M","+/+",3046,200,8081,"C57BL/6J","Grip Strength (4 Paw)","2015-03-17","fed","12:00:00",29993,"1610,1980,2480,2260,1990",FALSE,"Water","NCD",NA
"69",331,331,162,TRUE,"C57BL/6J","",NA,"M","+/+",3046,200,8081,"C57BL/6J","Grip Strength (4 Paw)","2015-03-24","fed","15:30:00",31461,"2660,3250,3100,2360,2700",FALSE,"Water","NCD",NA
"70",333,333,169,TRUE,"C57BL/6J","",NA,"M","+/+",3046,200,8081,"C57BL/6J","Grip Strength (4 Paw)","2015-03-31","fed","15:30:00",32275,"2800,2620,2460,2120,1820",FALSE,"Water","NCD",NA
"71",338,338,176,TRUE,"C57BL/6J","",NA,"M","+/+",3046,200,8081,"C57BL/6J","Grip Strength (4 Paw)","2015-04-07","fed",NA,34140,"2340,2660,3270,1880,1920",FALSE,"Water","NCD",NA
"72",340,340,183,TRUE,"C57BL/6J","",NA,"M","+/+",3046,200,8081,"C57BL/6J","Grip Strength (4 Paw)","2015-04-14","fed",NA,34202,"2700,3160,2850,2730,2230",FALSE,"Water","NCD",NA
"73",350,350,149,FALSE,"C57BL/6J","Sacrificed","2015-04-22","M","+/+",3047,191,8082,"C57BL/6J","Grip Strength (4 Paw)","2015-03-11","fed","13:30:00",29288,"2770,3150,2600,2410,2410",TRUE,"Dexamethasone","NCD",NA
"74",353,353,155,FALSE,"C57BL/6J","Sacrificed","2015-04-22","M","+/+",3047,191,8082,"C57BL/6J","Grip Strength (4 Paw)","2015-03-17","fed","12:00:00",29995,"2100,1510,1840,1720,1790",TRUE,"Dexamethasone","NCD",NA
"75",360,360,162,FALSE,"C57BL/6J","Sacrificed","2015-04-22","M","+/+",3047,191,8082,"C57BL/6J","Grip Strength (4 Paw)","2015-03-24","fed","15:30:00",31350,"1650,1890,1540,2080,1520",TRUE,"Dexamethasone","NCD",NA
"76",362,362,169,FALSE,"C57BL/6J","Sacrificed","2015-04-22","M","+/+",3047,191,8082,"C57BL/6J","Grip Strength (4 Paw)","2015-03-31","fed","15:30:00",32267,"1850,1970,2050,1950,1870",TRUE,"Dexamethasone","NCD",NA
"77",367,367,176,FALSE,"C57BL/6J","Sacrificed","2015-04-22","M","+/+",3047,191,8082,"C57BL/6J","Grip Strength (4 Paw)","2015-04-07","fed",NA,34128,"1520,2450,2140,1870,1500",TRUE,"Dexamethasone","NCD",NA
"78",369,369,183,FALSE,"C57BL/6J","Sacrificed","2015-04-22","M","+/+",3047,191,8082,"C57BL/6J","Grip Strength (4 Paw)","2015-04-14","fed",NA,34203,"2920,3240,3100,3060,2790",TRUE,"Dexamethasone","NCD",NA
"79",379,379,149,FALSE,"C57BL/6J","Sacrificed","2015-04-22","M","+/+",3048,191,8083,"C57BL/6J","Grip Strength (4 Paw)","2015-03-11","fed","13:30:00",29290,"3070,3430,3020,2470,2300",TRUE,"Dexamethasone","NCD",NA
"80",382,382,155,FALSE,"C57BL/6J","Sacrificed","2015-04-22","M","+/+",3048,191,8083,"C57BL/6J","Grip Strength (4 Paw)","2015-03-17","fed","12:00:00",29997,"1910,1750,2450,2000,1860",TRUE,"Dexamethasone","NCD",NA
"81",389,389,162,FALSE,"C57BL/6J","Sacrificed","2015-04-22","M","+/+",3048,191,8083,"C57BL/6J","Grip Strength (4 Paw)","2015-03-24","fed","15:30:00",31348,"1420,2220,1910,1750,1810",TRUE,"Dexamethasone","NCD",NA
"82",391,391,169,FALSE,"C57BL/6J","Sacrificed","2015-04-22","M","+/+",3048,191,8083,"C57BL/6J","Grip Strength (4 Paw)","2015-03-31","fed","15:30:00",32265,"2420,2570,2580,1820,1950",TRUE,"Dexamethasone","NCD",NA
"83",396,396,176,FALSE,"C57BL/6J","Sacrificed","2015-04-22","M","+/+",3048,191,8083,"C57BL/6J","Grip Strength (4 Paw)","2015-04-07","fed",NA,34126,"1820,2050,2410,2410,1660",TRUE,"Dexamethasone","NCD",NA
"84",398,398,183,FALSE,"C57BL/6J","Sacrificed","2015-04-22","M","+/+",3048,191,8083,"C57BL/6J","Grip Strength (4 Paw)","2015-04-14","fed",NA,34204,"2600,3230,3470,3120,3540",TRUE,"Dexamethasone","NCD",NA
"85",408,408,149,FALSE,"C57BL/6J","Sacrificed","2015-04-22","M","+/+",3050,191,8084,"C57BL/6J","Grip Strength (4 Paw)","2015-03-11","fed","13:30:00",29330,"2230,2160,2450,2560,2920",TRUE,"Dexamethasone","NCD",NA
"86",411,411,155,FALSE,"C57BL/6J","Sacrificed","2015-04-22","M","+/+",3050,191,8084,"C57BL/6J","Grip Strength (4 Paw)","2015-03-17","fed","12:00:00",29998,"2160,2110,2110,2040,2390",TRUE,"Dexamethasone","NCD",NA
"87",418,418,162,FALSE,"C57BL/6J","Sacrificed","2015-04-22","M","+/+",3050,191,8084,"C57BL/6J","Grip Strength (4 Paw)","2015-03-24","fed","15:30:00",31349,"1890,1160,1750,1750,2060",TRUE,"Dexamethasone","NCD",NA
"88",420,420,169,FALSE,"C57BL/6J","Sacrificed","2015-04-22","M","+/+",3050,191,8084,"C57BL/6J","Grip Strength (4 Paw)","2015-03-31","fed","15:30:00",32264,"2210,1850,2320,2230,1860",TRUE,"Dexamethasone","NCD",NA
"89",425,425,176,FALSE,"C57BL/6J","Sacrificed","2015-04-22","M","+/+",3050,191,8084,"C57BL/6J","Grip Strength (4 Paw)","2015-04-07","fed",NA,34127,"1850,1540,1700,1760,1940",TRUE,"Dexamethasone","NCD",NA
"90",427,427,183,FALSE,"C57BL/6J","Sacrificed","2015-04-22","M","+/+",3050,191,8084,"C57BL/6J","Grip Strength (4 Paw)","2015-04-14","fed",NA,34206,"2600,2660,2240,2100,2370",TRUE,"Dexamethasone","NCD",NA
"91",437,437,149,FALSE,"C57BL/6J","Sacrificed","2015-04-22","M","+/+",3049,191,8085,"C57BL/6J","Grip Strength (4 Paw)","2015-03-11","fed","13:30:00",29317,"2390,1940,2590,1930,1890",TRUE,"Dexamethasone","NCD",NA
"92",440,440,155,FALSE,"C57BL/6J","Sacrificed","2015-04-22","M","+/+",3049,191,8085,"C57BL/6J","Grip Strength (4 Paw)","2015-03-17","fed","12:00:00",29996,"2230,2330,1990,2070,2390",TRUE,"Dexamethasone","NCD",NA
"93",447,447,162,FALSE,"C57BL/6J","Sacrificed","2015-04-22","M","+/+",3049,191,8085,"C57BL/6J","Grip Strength (4 Paw)","2015-03-24","fed","15:30:00",31351,"1460,1780,1840,1620,1420",TRUE,"Dexamethasone","NCD",NA
"94",449,449,169,FALSE,"C57BL/6J","Sacrificed","2015-04-22","M","+/+",3049,191,8085,"C57BL/6J","Grip Strength (4 Paw)","2015-03-31","fed","15:30:00",32266,"2020,2120,1980,1940,2080",TRUE,"Dexamethasone","NCD",NA
"95",454,454,176,FALSE,"C57BL/6J","Sacrificed","2015-04-22","M","+/+",3049,191,8085,"C57BL/6J","Grip Strength (4 Paw)","2015-04-07","fed",NA,34129,"1690,1810,1360,1340,1930",TRUE,"Dexamethasone","NCD",NA
"96",456,456,183,FALSE,"C57BL/6J","Sacrificed","2015-04-22","M","+/+",3049,191,8085,"C57BL/6J","Grip Strength (4 Paw)","2015-04-14","fed",NA,34205,"3250,2920,2930,2830,2540",TRUE,"Dexamethasone","NCD",NA
"97",466,466,149,TRUE,"C57BL/6J","",NA,"M","+/+",3051,200,8086,"C57BL/6J","Grip Strength (4 Paw)","2015-03-11","fed","13:30:00",29333,"3120,2690,2140,2830,3490",TRUE,"Dexamethasone","NCD",NA
"98",469,469,155,TRUE,"C57BL/6J","",NA,"M","+/+",3051,200,8086,"C57BL/6J","Grip Strength (4 Paw)","2015-03-17","fed","12:00:00",30012,"2100,2050,1640,2100,1880",TRUE,"Dexamethasone","NCD",NA
"99",476,476,162,TRUE,"C57BL/6J","",NA,"M","+/+",3051,200,8086,"C57BL/6J","Grip Strength (4 Paw)","2015-03-24","fed","15:30:00",31466,"2450,2550,2290,2480,2140",TRUE,"Dexamethasone","NCD",NA
"100",478,478,169,TRUE,"C57BL/6J","",NA,"M","+/+",3051,200,8086,"C57BL/6J","Grip Strength (4 Paw)","2015-03-31","fed","15:30:00",32281,"2620,2750,2130,2230,2080",TRUE,"Dexamethasone","NCD",NA
"101",483,483,176,TRUE,"C57BL/6J","",NA,"M","+/+",3051,200,8086,"C57BL/6J","Grip Strength (4 Paw)","2015-04-07","fed",NA,34141,"2290,2990,2240,2440,2390",TRUE,"Dexamethasone","NCD",NA
"102",485,485,183,TRUE,"C57BL/6J","",NA,"M","+/+",3051,200,8086,"C57BL/6J","Grip Strength (4 Paw)","2015-04-14","fed",NA,34207,"2910,2760,3050,2700,2490",TRUE,"Dexamethasone","NCD",NA
"103",495,495,149,TRUE,"C57BL/6J","",NA,"M","+/+",3052,200,8087,"C57BL/6J","Grip Strength (4 Paw)","2015-03-11","fed","13:30:00",29338,"2840,3160,2560,2600,2380",TRUE,"Dexamethasone","NCD",NA
"104",498,498,155,TRUE,"C57BL/6J","",NA,"M","+/+",3052,200,8087,"C57BL/6J","Grip Strength (4 Paw)","2015-03-17","fed","12:00:00",30000,"2270,2140,1680,2430,2060",TRUE,"Dexamethasone","NCD",NA
"105",505,505,162,TRUE,"C57BL/6J","",NA,"M","+/+",3052,200,8087,"C57BL/6J","Grip Strength (4 Paw)","2015-03-24","fed","15:30:00",31467,"2540,2830,2200,2060,2400",TRUE,"Dexamethasone","NCD",NA
"106",507,507,169,TRUE,"C57BL/6J","",NA,"M","+/+",3052,200,8087,"C57BL/6J","Grip Strength (4 Paw)","2015-03-31","fed","15:30:00",32280,"2830,2050,2490,2660,2330",TRUE,"Dexamethasone","NCD",NA
"107",512,512,176,TRUE,"C57BL/6J","",NA,"M","+/+",3052,200,8087,"C57BL/6J","Grip Strength (4 Paw)","2015-04-07","fed",NA,34142,"2430,2250,2340,3060,2230",TRUE,"Dexamethasone","NCD",NA
"108",514,514,183,TRUE,"C57BL/6J","",NA,"M","+/+",3052,200,8087,"C57BL/6J","Grip Strength (4 Paw)","2015-04-14","fed",NA,34208,"2720,3160,2440,2540,2470",TRUE,"Dexamethasone","NCD",NA
"109",524,524,149,TRUE,"C57BL/6J","",NA,"M","+/+",3053,200,8088,"C57BL/6J","Grip Strength (4 Paw)","2015-03-11","fed","13:30:00",29341,"2320,2440,2320,2250,2440",TRUE,"Dexamethasone","NCD",NA
"110",527,527,155,TRUE,"C57BL/6J","",NA,"M","+/+",3053,200,8088,"C57BL/6J","Grip Strength (4 Paw)","2015-03-17","fed","12:00:00",30018,"2140,1790,2020,2330,1830",TRUE,"Dexamethasone","NCD",NA
"111",534,534,162,TRUE,"C57BL/6J","",NA,"M","+/+",3053,200,8088,"C57BL/6J","Grip Strength (4 Paw)","2015-03-24","fed","15:30:00",31468,"2730,2030,2380,2000,2040",TRUE,"Dexamethasone","NCD",NA
"112",536,536,169,TRUE,"C57BL/6J","",NA,"M","+/+",3053,200,8088,"C57BL/6J","Grip Strength (4 Paw)","2015-03-31","fed","15:30:00",32282,"2480,2340,2660,2760,2400",TRUE,"Dexamethasone","NCD",NA
"113",541,541,176,TRUE,"C57BL/6J","",NA,"M","+/+",3053,200,8088,"C57BL/6J","Grip Strength (4 Paw)","2015-04-07","fed",NA,34137,"2230,2400,2180,2680,2480",TRUE,"Dexamethasone","NCD",NA
"114",543,543,183,TRUE,"C57BL/6J","",NA,"M","+/+",3053,200,8088,"C57BL/6J","Grip Strength (4 Paw)","2015-04-14","fed",NA,34209,"2480,2300,1980,2690,2310",TRUE,"Dexamethasone","NCD",NA
"115",553,553,149,TRUE,"C57BL/6J","",NA,"M","+/+",3054,200,8089,"C57BL/6J","Grip Strength (4 Paw)","2015-03-11","fed","13:30:00",29345,"2820,2180,2520,2480,2390",TRUE,"Dexamethasone","NCD",NA
"116",556,556,155,TRUE,"C57BL/6J","",NA,"M","+/+",3054,200,8089,"C57BL/6J","Grip Strength (4 Paw)","2015-03-17","fed","12:00:00",29999,"1900,1940,2140,1970,1770",TRUE,"Dexamethasone","NCD",NA
"117",563,563,162,TRUE,"C57BL/6J","",NA,"M","+/+",3054,200,8089,"C57BL/6J","Grip Strength (4 Paw)","2015-03-24","fed","15:30:00",31469,"2370,2500,2360,2400,1720",TRUE,"Dexamethasone","NCD",NA
"118",565,565,169,TRUE,"C57BL/6J","",NA,"M","+/+",3054,200,8089,"C57BL/6J","Grip Strength (4 Paw)","2015-03-31","fed","15:30:00",32283,"2550,2250,1910,2660,3090",TRUE,"Dexamethasone","NCD",NA
"119",570,570,176,TRUE,"C57BL/6J","",NA,"M","+/+",3054,200,8089,"C57BL/6J","Grip Strength (4 Paw)","2015-04-07","fed",NA,34138,"2310,2490,2230,2270,2450",TRUE,"Dexamethasone","NCD",NA
"120",572,572,183,TRUE,"C57BL/6J","",NA,"M","+/+",3054,200,8089,"C57BL/6J","Grip Strength (4 Paw)","2015-04-14","fed",NA,34210,"2640,2960,3060,2720,2450",TRUE,"Dexamethasone","NCD",NA
"121",582,582,149,FALSE,"C57BL/6J","Sacrificed","2015-04-22","M","+/+",3055,191,8090,"C57BL/6J","Grip Strength (4 Paw)","2015-03-11","fed","13:30:00",29348,"2830,2640,2310,2050,2260",TRUE,"Dexamethasone","NCD",NA
"122",585,585,155,FALSE,"C57BL/6J","Sacrificed","2015-04-22","M","+/+",3055,191,8090,"C57BL/6J","Grip Strength (4 Paw)","2015-03-17","fed","12:00:00",30049,"2210,1620,2200,1870,2180",TRUE,"Dexamethasone","NCD",NA
"123",592,592,162,FALSE,"C57BL/6J","Sacrificed","2015-04-22","M","+/+",3055,191,8090,"C57BL/6J","Grip Strength (4 Paw)","2015-03-24","fed","15:30:00",31462,"2750,2550,2350,2350,2370",TRUE,"Dexamethasone","NCD",NA
"124",594,594,169,FALSE,"C57BL/6J","Sacrificed","2015-04-22","M","+/+",3055,191,8090,"C57BL/6J","Grip Strength (4 Paw)","2015-03-31","fed","15:30:00",32276,"2780,2600,2360,3380,2100",TRUE,"Dexamethasone","NCD",NA
"125",599,599,176,FALSE,"C57BL/6J","Sacrificed","2015-04-22","M","+/+",3055,191,8090,"C57BL/6J","Grip Strength (4 Paw)","2015-04-07","fed",NA,34139,"2520,2040,2310,2040,2120",TRUE,"Dexamethasone","NCD",NA
"126",601,601,183,FALSE,"C57BL/6J","Sacrificed","2015-04-22","M","+/+",3055,191,8090,"C57BL/6J","Grip Strength (4 Paw)","2015-04-14","fed",NA,34211,"2810,2950,3060,2720,2450",TRUE,"Dexamethasone","NCD",NA
"127",611,611,149,FALSE,"C57BL/6J","Sacrificed","2015-04-22","M","+/+",3056,191,8091,"C57BL/6J","Grip Strength (4 Paw)","2015-03-11","fed","13:30:00",29351,"2480,2680,3010,2540,2730",TRUE,"Dexamethasone","NCD",NA
"128",614,614,155,FALSE,"C57BL/6J","Sacrificed","2015-04-22","M","+/+",3056,191,8091,"C57BL/6J","Grip Strength (4 Paw)","2015-03-17","fed","12:00:00",30022,"2310,2230,2230,1660,2240",TRUE,"Dexamethasone","NCD",NA
"129",621,621,162,FALSE,"C57BL/6J","Sacrificed","2015-04-22","M","+/+",3056,191,8091,"C57BL/6J","Grip Strength (4 Paw)","2015-03-24","fed","15:30:00",31463,"2860,2830,2910,2790,2590",TRUE,"Dexamethasone","NCD",NA
"130",623,623,169,FALSE,"C57BL/6J","Sacrificed","2015-04-22","M","+/+",3056,191,8091,"C57BL/6J","Grip Strength (4 Paw)","2015-03-31","fed","15:30:00",32277,"2750,2670,2960,2540,2510",TRUE,"Dexamethasone","NCD",NA
"131",628,628,176,FALSE,"C57BL/6J","Sacrificed","2015-04-22","M","+/+",3056,191,8091,"C57BL/6J","Grip Strength (4 Paw)","2015-04-07","fed",NA,34143,"2140,2520,2600,2450,2670",TRUE,"Dexamethasone","NCD",NA
"132",630,630,183,FALSE,"C57BL/6J","Sacrificed","2015-04-22","M","+/+",3056,191,8091,"C57BL/6J","Grip Strength (4 Paw)","2015-04-14","fed",NA,34212,"3130,3070,3100,2830,3540",TRUE,"Dexamethasone","NCD",NA
"133",640,640,149,FALSE,"C57BL/6J","Sacrificed","2015-04-22","M","+/+",3057,191,8092,"C57BL/6J","Grip Strength (4 Paw)","2015-03-11","fed","13:30:00",29353,"3180,1950,1890,2040,1940",TRUE,"Dexamethasone","NCD",NA
"134",643,643,155,FALSE,"C57BL/6J","Sacrificed","2015-04-22","M","+/+",3057,191,8092,"C57BL/6J","Grip Strength (4 Paw)","2015-03-17","fed","12:00:00",30057,"1930,2110,1820,1870,1820",TRUE,"Dexamethasone","NCD",NA
"135",650,650,162,FALSE,"C57BL/6J","Sacrificed","2015-04-22","M","+/+",3057,191,8092,"C57BL/6J","Grip Strength (4 Paw)","2015-03-24","fed","15:30:00",31464,"2860,2640,2610,2230,2050",TRUE,"Dexamethasone","NCD",NA
"136",652,652,169,FALSE,"C57BL/6J","Sacrificed","2015-04-22","M","+/+",3057,191,8092,"C57BL/6J","Grip Strength (4 Paw)","2015-03-31","fed","15:30:00",32278,"2670,2530,2010,1410,2290",TRUE,"Dexamethasone","NCD",NA
"137",657,657,176,FALSE,"C57BL/6J","Sacrificed","2015-04-22","M","+/+",3057,191,8092,"C57BL/6J","Grip Strength (4 Paw)","2015-04-07","fed",NA,34144,"1910,1720,2130,2140,2000",TRUE,"Dexamethasone","NCD",NA
"138",659,659,183,FALSE,"C57BL/6J","Sacrificed","2015-04-22","M","+/+",3057,191,8092,"C57BL/6J","Grip Strength (4 Paw)","2015-04-14","fed",NA,34213,"2550,2640,3040,2450,2680",TRUE,"Dexamethasone","NCD",NA
"139",669,669,149,FALSE,"C57BL/6J","Sacrificed","2015-04-22","M","+/+",3058,191,8093,"C57BL/6J","Grip Strength (4 Paw)","2015-03-11","fed","13:30:00",29354,"2330,2640,2600,2170,2610",TRUE,"Dexamethasone","NCD",NA
"140",672,672,155,FALSE,"C57BL/6J","Sacrificed","2015-04-22","M","+/+",3058,191,8093,"C57BL/6J","Grip Strength (4 Paw)","2015-03-17","fed","12:00:00",30044,"1940,1400,1530,1880,2020",TRUE,"Dexamethasone","NCD",NA
"141",679,679,162,FALSE,"C57BL/6J","Sacrificed","2015-04-22","M","+/+",3058,191,8093,"C57BL/6J","Grip Strength (4 Paw)","2015-03-24","fed","15:30:00",31465,"2810,2960,2640,2920,2630",TRUE,"Dexamethasone","NCD",NA
"142",681,681,169,FALSE,"C57BL/6J","Sacrificed","2015-04-22","M","+/+",3058,191,8093,"C57BL/6J","Grip Strength (4 Paw)","2015-03-31","fed","15:30:00",32279,"2840,2390,2140,2600,2680",TRUE,"Dexamethasone","NCD",NA
"143",686,686,176,FALSE,"C57BL/6J","Sacrificed","2015-04-22","M","+/+",3058,191,8093,"C57BL/6J","Grip Strength (4 Paw)","2015-04-07","fed",NA,34145,"2290,2910,1890,1770,2220",TRUE,"Dexamethasone","NCD",NA
"144",688,688,183,FALSE,"C57BL/6J","Sacrificed","2015-04-22","M","+/+",3058,191,8093,"C57BL/6J","Grip Strength (4 Paw)","2015-04-14","fed",NA,34214,"2450,2440,2480,2660,2130",TRUE,"Dexamethasone","NCD",NA
"145",37,37,161,TRUE,"C57BL/6J","",NA,"M","+/+",1765,197,6998,"C57BL/6J","Grip Strength (4 Paw)","2015-01-19","fed","16:30:00",23854,"2610,2370,2520,2640,2330",TRUE,"Dexamethasone","HFD",NA
"146",38,38,168,TRUE,"C57BL/6J","",NA,"M","+/+",1765,197,6998,"C57BL/6J","Grip Strength (4 Paw)","2015-01-26","fed",NA,23879,"2640,3210,2510,3040,3450",TRUE,"Dexamethasone","HFD",NA
"147",42,42,175,TRUE,"C57BL/6J","",NA,"M","+/+",1765,197,6998,"C57BL/6J","Grip Strength (4 Paw)","2015-02-02","fed",NA,24584,"2400,2060,2080,1980,2040",TRUE,"Dexamethasone","HFD",NA
"148",50,50,189,TRUE,"C57BL/6J","",NA,"M","+/+",1765,197,6998,"C57BL/6J","Grip Strength (4 Paw)","2015-02-16","fed","16:00:00",26090,"2060,2280,1780,2190,2160",TRUE,"Dexamethasone","HFD",NA
"149",54,54,196,TRUE,"C57BL/6J","",NA,"M","+/+",1765,197,6998,"C57BL/6J","Grip Strength (4 Paw)","2015-02-23","fed","16:00:00",26804,"2360,2410,2310,2570,2230",TRUE,"Dexamethasone","HFD",NA
"150",91,91,161,TRUE,"C57BL/6J","",NA,"M","+/+",1766,197,6999,"C57BL/6J","Grip Strength (4 Paw)","2015-01-19","fed","16:30:00",23855,"2830,2810,1970,2150,2730",FALSE,"Water","HFD",NA
"151",92,92,168,TRUE,"C57BL/6J","",NA,"M","+/+",1766,197,6999,"C57BL/6J","Grip Strength (4 Paw)","2015-01-26","fed",NA,23868,"2460,3370,3020,2780,2880",FALSE,"Water","HFD",NA
"152",96,96,175,TRUE,"C57BL/6J","",NA,"M","+/+",1766,197,6999,"C57BL/6J","Grip Strength (4 Paw)","2015-02-02","fed",NA,24573,"2550,2330,2690,2120,2060",FALSE,"Water","HFD",NA
"153",104,104,189,TRUE,"C57BL/6J","",NA,"M","+/+",1766,197,6999,"C57BL/6J","Grip Strength (4 Paw)","2015-02-16","fed","16:00:00",26079,"2640,2160,2480,2330,2450",FALSE,"Water","HFD",NA
"154",108,108,196,TRUE,"C57BL/6J","",NA,"M","+/+",1766,197,6999,"C57BL/6J","Grip Strength (4 Paw)","2015-02-23","fed","16:00:00",26812,"2810,2630,3000,2630,2700",FALSE,"Water","HFD",NA
"155",145,145,161,TRUE,"C57BL/6J","",NA,"M","+/+",1767,197,7000,"C57BL/6J","Grip Strength (4 Paw)","2015-01-19","fed","16:30:00",23856,"2550,2910,2020,2110,2340",TRUE,"Dexamethasone","HFD",NA
"156",146,146,168,TRUE,"C57BL/6J","",NA,"M","+/+",1767,197,7000,"C57BL/6J","Grip Strength (4 Paw)","2015-01-26","fed",NA,23880,"3340,2850,3270,2830,3150",TRUE,"Dexamethasone","HFD",NA
"157",150,150,175,TRUE,"C57BL/6J","",NA,"M","+/+",1767,197,7000,"C57BL/6J","Grip Strength (4 Paw)","2015-02-02","fed",NA,24582,"2180,2140,1890,2030,1760",TRUE,"Dexamethasone","HFD",NA
"158",158,158,189,TRUE,"C57BL/6J","",NA,"M","+/+",1767,197,7000,"C57BL/6J","Grip Strength (4 Paw)","2015-02-16","fed","16:00:00",26088,"1610,1910,2030,1740,1760",TRUE,"Dexamethasone","HFD",NA
"159",162,162,196,TRUE,"C57BL/6J","",NA,"M","+/+",1767,197,7000,"C57BL/6J","Grip Strength (4 Paw)","2015-02-23","fed","16:00:00",26805,"2320,2140,2360,2180,1860",TRUE,"Dexamethasone","HFD",NA
"160",199,199,161,TRUE,"C57BL/6J","",NA,"M","+/+",1768,197,7001,"C57BL/6J","Grip Strength (4 Paw)","2015-01-19","fed","16:30:00",23857,"2250,2520,2330,2540,2650",FALSE,"Water","HFD",NA
"161",200,200,168,TRUE,"C57BL/6J","",NA,"M","+/+",1768,197,7001,"C57BL/6J","Grip Strength (4 Paw)","2015-01-26","fed",NA,23867,"2060,2850,3090,3030,2760",FALSE,"Water","HFD",NA
"162",204,204,175,TRUE,"C57BL/6J","",NA,"M","+/+",1768,197,7001,"C57BL/6J","Grip Strength (4 Paw)","2015-02-02","fed",NA,24572,"2150,1660,1520,2450,1350",FALSE,"Water","HFD",NA
"163",212,212,189,TRUE,"C57BL/6J","",NA,"M","+/+",1768,197,7001,"C57BL/6J","Grip Strength (4 Paw)","2015-02-16","fed","16:00:00",26078,"2540,2810,2750,3330,3160",FALSE,"Water","HFD",NA
"164",216,216,196,TRUE,"C57BL/6J","",NA,"M","+/+",1768,197,7001,"C57BL/6J","Grip Strength (4 Paw)","2015-02-23","fed","16:00:00",26813,"2400,2850,3100,2910,2780",FALSE,"Water","HFD",NA
"165",253,253,161,TRUE,"C57BL/6J","",NA,"M","+/+",1769,197,7002,"C57BL/6J","Grip Strength (4 Paw)","2015-01-19","fed","16:30:00",23858,"2750,2450,330,2750,2670",FALSE,"Water","HFD",NA
"166",254,254,168,TRUE,"C57BL/6J","",NA,"M","+/+",1769,197,7002,"C57BL/6J","Grip Strength (4 Paw)","2015-01-26","fed",NA,23869,"2940,3410,2990,3170,2750",FALSE,"Water","HFD",NA
"167",258,258,175,TRUE,"C57BL/6J","",NA,"M","+/+",1769,197,7002,"C57BL/6J","Grip Strength (4 Paw)","2015-02-02","fed",NA,24570,"2710,2470,1620,2120,2340",FALSE,"Water","HFD",NA
"168",266,266,189,TRUE,"C57BL/6J","",NA,"M","+/+",1769,197,7002,"C57BL/6J","Grip Strength (4 Paw)","2015-02-16","fed","16:00:00",26077,"3210,3090,2790,2910,2500",FALSE,"Water","HFD",NA
"169",270,270,196,TRUE,"C57BL/6J","",NA,"M","+/+",1769,197,7002,"C57BL/6J","Grip Strength (4 Paw)","2015-02-23","fed","16:00:00",26810,"3400,2750,3370,2320,2600",FALSE,"Water","HFD",NA
"170",307,307,161,TRUE,"C57BL/6J","",NA,"M","+/+",1745,197,7008,"C57BL/6J","Grip Strength (4 Paw)","2015-01-19","fed","16:30:00",23835,"2450,2690,2870,3000,2890",TRUE,"Dexamethasone","HFD",NA
"171",308,308,168,TRUE,"C57BL/6J","",NA,"M","+/+",1745,197,7008,"C57BL/6J","Grip Strength (4 Paw)","2015-01-26","fed",NA,23873,"2850,3230,2440,3270,2110",TRUE,"Dexamethasone","HFD",NA
"172",312,312,175,TRUE,"C57BL/6J","",NA,"M","+/+",1745,197,7008,"C57BL/6J","Grip Strength (4 Paw)","2015-02-02","fed",NA,24575,"1660,2390,2000,2450,2630",TRUE,"Dexamethasone","HFD",NA
"173",320,320,189,TRUE,"C57BL/6J","",NA,"M","+/+",1745,197,7008,"C57BL/6J","Grip Strength (4 Paw)","2015-02-16","fed","16:00:00",26081,"2660,2120,2310,2510,2520",TRUE,"Dexamethasone","HFD",NA
"174",324,324,196,TRUE,"C57BL/6J","",NA,"M","+/+",1745,197,7008,"C57BL/6J","Grip Strength (4 Paw)","2015-02-23","fed","16:00:00",26808,"2690,1330,2080,2120,1980",TRUE,"Dexamethasone","HFD",NA
"175",361,361,161,TRUE,"C57BL/6J","",NA,"M","+/+",1746,197,7009,"C57BL/6J","Grip Strength (4 Paw)","2015-01-19","fed","16:30:00",23836,"2900,3130,2730,2660,3230",TRUE,"Dexamethasone","HFD",NA
"176",362,362,168,TRUE,"C57BL/6J","",NA,"M","+/+",1746,197,7009,"C57BL/6J","Grip Strength (4 Paw)","2015-01-26","fed",NA,23874,"2870,3330,3200,2410,2930",TRUE,"Dexamethasone","HFD",NA
"177",366,366,175,TRUE,"C57BL/6J","",NA,"M","+/+",1746,197,7009,"C57BL/6J","Grip Strength (4 Paw)","2015-02-02","fed",NA,24576,"2020,1950,2120,1640,1520",TRUE,"Dexamethasone","HFD",NA
"178",374,374,189,TRUE,"C57BL/6J","",NA,"M","+/+",1746,197,7009,"C57BL/6J","Grip Strength (4 Paw)","2015-02-16","fed","16:00:00",26083,"1920,2030,1690,1870,2750",TRUE,"Dexamethasone","HFD",NA
"179",378,378,196,TRUE,"C57BL/6J","",NA,"M","+/+",1746,197,7009,"C57BL/6J","Grip Strength (4 Paw)","2015-02-23","fed","16:00:00",26807,"1800,1890,2060,1980,2010",TRUE,"Dexamethasone","HFD",NA
"180",415,415,161,TRUE,"C57BL/6J","",NA,"M","+/+",1747,197,7010,"C57BL/6J","Grip Strength (4 Paw)","2015-01-19","fed","16:30:00",23837,"2710,3080,2810,2620,2550",FALSE,"Water","HFD",NA
"181",416,416,168,TRUE,"C57BL/6J","",NA,"M","+/+",1747,197,7010,"C57BL/6J","Grip Strength (4 Paw)","2015-01-26","fed",NA,23859,"3290,2900,2640,3330,2470",FALSE,"Water","HFD",NA
"182",420,420,175,TRUE,"C57BL/6J","",NA,"M","+/+",1747,197,7010,"C57BL/6J","Grip Strength (4 Paw)","2015-02-02","fed",NA,24562,"22380,2180,2390,2700,2640",FALSE,"Water","HFD",NA
"183",428,428,189,TRUE,"C57BL/6J","",NA,"M","+/+",1747,197,7010,"C57BL/6J","Grip Strength (4 Paw)","2015-02-16","fed","16:00:00",26070,"2490,2120,2620,2500,2380",FALSE,"Water","HFD",NA
"184",432,432,196,TRUE,"C57BL/6J","",NA,"M","+/+",1747,197,7010,"C57BL/6J","Grip Strength (4 Paw)","2015-02-23","fed","16:00:00",26820,"3250,2780,2840,2930,2980",FALSE,"Water","HFD",NA
"185",469,469,161,TRUE,"C57BL/6J","",NA,"M","+/+",1748,197,7011,"C57BL/6J","Grip Strength (4 Paw)","2015-01-19","fed","16:30:00",23838,"2640,1850,2360,2420,2070",TRUE,"Dexamethasone","HFD",NA
"186",470,470,168,TRUE,"C57BL/6J","",NA,"M","+/+",1748,197,7011,"C57BL/6J","Grip Strength (4 Paw)","2015-01-26","fed",NA,23878,"3100,2900,3080,2870,2720",TRUE,"Dexamethasone","HFD",NA
"187",474,474,175,TRUE,"C57BL/6J","",NA,"M","+/+",1748,197,7011,"C57BL/6J","Grip Strength (4 Paw)","2015-02-02","fed",NA,24581,"2060,1880,2090,1470,1920",TRUE,"Dexamethasone","HFD",NA
"188",482,482,189,TRUE,"C57BL/6J","",NA,"M","+/+",1748,197,7011,"C57BL/6J","Grip Strength (4 Paw)","2015-02-16","fed","16:00:00",26087,"1790,2060,2040,2080,1830",TRUE,"Dexamethasone","HFD",NA
"189",486,486,196,TRUE,"C57BL/6J","",NA,"M","+/+",1748,197,7011,"C57BL/6J","Grip Strength (4 Paw)","2015-02-23","fed","16:00:00",26806,"1780,1730,2290,2390,2200",TRUE,"Dexamethasone","HFD",NA
"190",523,523,161,TRUE,"C57BL/6J","",NA,"M","+/+",1749,197,7012,"C57BL/6J","Grip Strength (4 Paw)","2015-01-19","fed","16:30:00",23839,"2280,2180,2380,3200,2250",FALSE,"Water","HFD",NA
"191",524,524,168,TRUE,"C57BL/6J","",NA,"M","+/+",1749,197,7012,"C57BL/6J","Grip Strength (4 Paw)","2015-01-26","fed",NA,23860,"2380,3400,3110,2620,2790",FALSE,"Water","HFD",NA
"192",528,528,175,TRUE,"C57BL/6J","",NA,"M","+/+",1749,197,7012,"C57BL/6J","Grip Strength (4 Paw)","2015-02-02","fed",NA,24563,"3550,3230,2930,2450,3040",FALSE,"Water","HFD",NA
"193",536,536,189,TRUE,"C57BL/6J","",NA,"M","+/+",1749,197,7012,"C57BL/6J","Grip Strength (4 Paw)","2015-02-16","fed","16:00:00",26071,"2670,2540,2790,2250,2850",FALSE,"Water","HFD",NA
"194",540,540,196,TRUE,"C57BL/6J","",NA,"M","+/+",1749,197,7012,"C57BL/6J","Grip Strength (4 Paw)","2015-02-23","fed","16:00:00",26821,"3330,2740,2850,3060,3130",FALSE,"Water","HFD",NA
"195",577,577,161,TRUE,"C57BL/6J","",NA,"M","+/+",1750,197,7013,"C57BL/6J","Grip Strength (4 Paw)","2015-01-19","fed","16:30:00",23840,"2500,2660,2680,2830,2290",FALSE,"Water","HFD",NA
"196",578,578,168,TRUE,"C57BL/6J","",NA,"M","+/+",1750,197,7013,"C57BL/6J","Grip Strength (4 Paw)","2015-01-26","fed",NA,23862,"1980,2830,2900,3450,2390",FALSE,"Water","HFD",NA
"197",582,582,175,TRUE,"C57BL/6J","",NA,"M","+/+",1750,197,7013,"C57BL/6J","Grip Strength (4 Paw)","2015-02-02","fed",NA,24564,"2860,2880,2480,2850,2770",FALSE,"Water","HFD",NA
"198",590,590,189,TRUE,"C57BL/6J","",NA,"M","+/+",1750,197,7013,"C57BL/6J","Grip Strength (4 Paw)","2015-02-16","fed","16:00:00",26068,"2910,3160,3410,3040,3060",FALSE,"Water","HFD",NA
"199",594,594,196,TRUE,"C57BL/6J","",NA,"M","+/+",1750,197,7013,"C57BL/6J","Grip Strength (4 Paw)","2015-02-23","fed","16:00:00",26819,"3030,2910,2060,3070,2930",FALSE,"Water","HFD",NA
"200",631,631,161,TRUE,"C57BL/6J","",NA,"M","+/+",1751,197,7014,"C57BL/6J","Grip Strength (4 Paw)","2015-01-19","fed","16:30:00",23841,"2700,2560,2350,2200,2260",TRUE,"Dexamethasone","HFD",NA
"201",632,632,168,TRUE,"C57BL/6J","",NA,"M","+/+",1751,197,7014,"C57BL/6J","Grip Strength (4 Paw)","2015-01-26","fed",NA,23872,"2680,2710,2680,2910,2690",TRUE,"Dexamethasone","HFD",NA
"202",636,636,175,TRUE,"C57BL/6J","",NA,"M","+/+",1751,197,7014,"C57BL/6J","Grip Strength (4 Paw)","2015-02-02","fed",NA,24574,"1700,2050,1430,1910,1660",TRUE,"Dexamethasone","HFD",NA
"203",644,644,189,TRUE,"C57BL/6J","",NA,"M","+/+",1751,197,7014,"C57BL/6J","Grip Strength (4 Paw)","2015-02-16","fed","16:00:00",26080,"2070,1930,2040,1750,2050",TRUE,"Dexamethasone","HFD",NA
"204",648,648,196,TRUE,"C57BL/6J","",NA,"M","+/+",1751,197,7014,"C57BL/6J","Grip Strength (4 Paw)","2015-02-23","fed","16:00:00",26809,"1570,1720,1850,1820,2210",TRUE,"Dexamethasone","HFD",NA
"205",685,685,161,TRUE,"C57BL/6J","",NA,"M","+/+",1752,197,7015,"C57BL/6J","Grip Strength (4 Paw)","2015-01-19","fed","16:30:00",23842,"1570,2330,2040,2420,2120",FALSE,"Water","HFD",NA
"206",686,686,168,TRUE,"C57BL/6J","",NA,"M","+/+",1752,197,7015,"C57BL/6J","Grip Strength (4 Paw)","2015-01-26","fed",NA,23861,"3490,3180,2990,3370,2750",FALSE,"Water","HFD",NA
"207",690,690,175,TRUE,"C57BL/6J","",NA,"M","+/+",1752,197,7015,"C57BL/6J","Grip Strength (4 Paw)","2015-02-02","fed",NA,24565,"2090,2280,2270,2240,2190",FALSE,"Water","HFD",NA
"208",698,698,189,TRUE,"C57BL/6J","",NA,"M","+/+",1752,197,7015,"C57BL/6J","Grip Strength (4 Paw)","2015-02-16","fed","16:00:00",26069,"2870,3290,2710,2800,2230",FALSE,"Water","HFD",NA
"209",702,702,196,TRUE,"C57BL/6J","",NA,"M","+/+",1752,197,7015,"C57BL/6J","Grip Strength (4 Paw)","2015-02-23","fed","16:00:00",26818,"3270,2220,2570,2810,2970",FALSE,"Water","HFD",NA
"210",739,739,161,FALSE,"C57BL/6J","Unknown","2015-02-19","M","+/+",1753,192,7016,"C57BL/6J","Grip Strength (4 Paw)","2015-01-19","fed","16:30:00",23843,"2410,2240,2390,2530,1990",TRUE,"Dexamethasone","HFD",NA
"211",740,740,168,FALSE,"C57BL/6J","Unknown","2015-02-19","M","+/+",1753,192,7016,"C57BL/6J","Grip Strength (4 Paw)","2015-01-26","fed",NA,23871,"3540,2980,3100,2580,2470",TRUE,"Dexamethasone","HFD",NA
"212",744,744,175,FALSE,"C57BL/6J","Unknown","2015-02-19","M","+/+",1753,192,7016,"C57BL/6J","Grip Strength (4 Paw)","2015-02-02","fed",NA,24577,"1940,1730,1580,1810,1760",TRUE,"Dexamethasone","HFD",NA
"213",752,752,189,FALSE,"C57BL/6J","Unknown","2015-02-19","M","+/+",1753,192,7016,"C57BL/6J","Grip Strength (4 Paw)","2015-02-16","fed","16:00:00",26082,"1780,1440,1490,1340,1750",TRUE,"Dexamethasone","HFD",NA
"214",792,792,161,TRUE,"C57BL/6J","",NA,"M","+/+",1754,197,7017,"C57BL/6J","Grip Strength (4 Paw)","2015-01-19","fed","16:30:00",23844,"1950,2580,2130,2270,3040",TRUE,"Dexamethasone","HFD",NA
"215",793,793,168,TRUE,"C57BL/6J","",NA,"M","+/+",1754,197,7017,"C57BL/6J","Grip Strength (4 Paw)","2015-01-26","fed",NA,23877,"2880,3000,2970,3140,3280",TRUE,"Dexamethasone","HFD",NA
"216",797,797,175,TRUE,"C57BL/6J","",NA,"M","+/+",1754,197,7017,"C57BL/6J","Grip Strength (4 Paw)","2015-02-02","fed",NA,24578,"1920,1520,1710,1510,1760",TRUE,"Dexamethasone","HFD",NA
"217",805,805,189,TRUE,"C57BL/6J","",NA,"M","+/+",1754,197,7017,"C57BL/6J","Grip Strength (4 Paw)","2015-02-16","fed","16:00:00",26086,"1730,1900,2300,1810,2580",TRUE,"Dexamethasone","HFD",NA
"218",839,839,161,TRUE,"C57BL/6J","",NA,"M","+/+",1755,197,7018,"C57BL/6J","Grip Strength (4 Paw)","2015-01-19","fed","16:30:00",23845,"2720,2200,2250,2450,1780",TRUE,"Dexamethasone","HFD",NA
"219",840,840,168,TRUE,"C57BL/6J","",NA,"M","+/+",1755,197,7018,"C57BL/6J","Grip Strength (4 Paw)","2015-01-26","fed",NA,23875,"2060,2360,2700,3020,2660",TRUE,"Dexamethasone","HFD",NA
"220",844,844,175,TRUE,"C57BL/6J","",NA,"M","+/+",1755,197,7018,"C57BL/6J","Grip Strength (4 Paw)","2015-02-02","fed",NA,24579,"1560,2220,2240,2140,1850",TRUE,"Dexamethasone","HFD",NA
"221",852,852,189,TRUE,"C57BL/6J","",NA,"M","+/+",1755,197,7018,"C57BL/6J","Grip Strength (4 Paw)","2015-02-16","fed","16:00:00",26085,"2300,2120,1900,1870,1830",TRUE,"Dexamethasone","HFD",NA
"222",889,889,161,TRUE,"C57BL/6J","",NA,"M","+/+",1756,197,7019,"C57BL/6J","Grip Strength (4 Paw)","2015-01-19","fed","16:30:00",23846,"2310,2460,3120,2040,2310",FALSE,"Water","HFD",NA
"223",890,890,168,TRUE,"C57BL/6J","",NA,"M","+/+",1756,197,7019,"C57BL/6J","Grip Strength (4 Paw)","2015-01-26","fed",NA,23865,"2190,3240,3750,3520,3250",FALSE,"Water","HFD",NA
"224",894,894,175,TRUE,"C57BL/6J","",NA,"M","+/+",1756,197,7019,"C57BL/6J","Grip Strength (4 Paw)","2015-02-02","fed",NA,24568,"2390,1660,2000,2110,1850",FALSE,"Water","HFD",NA
"225",902,902,189,TRUE,"C57BL/6J","",NA,"M","+/+",1756,197,7019,"C57BL/6J","Grip Strength (4 Paw)","2015-02-16","fed","16:00:00",26072,"2440,2100,2230,2520,2300",FALSE,"Water","HFD",NA
"226",906,906,196,TRUE,"C57BL/6J","",NA,"M","+/+",1756,197,7019,"C57BL/6J","Grip Strength (4 Paw)","2015-02-23","fed","16:00:00",26817,"2890,2440,2520,2730,1900",FALSE,"Water","HFD",NA
"227",943,943,161,FALSE,"C57BL/6J","Unknown","2015-02-20","M","+/+",1757,193,7020,"C57BL/6J","Grip Strength (4 Paw)","2015-01-19","fed","16:30:00",23847,"1990,2650,2120,2700,2360",TRUE,"Dexamethasone","HFD",NA
"228",944,944,168,FALSE,"C57BL/6J","Unknown","2015-02-20","M","+/+",1757,193,7020,"C57BL/6J","Grip Strength (4 Paw)","2015-01-26","fed",NA,23876,"2880,2640,3060,2940,2740",TRUE,"Dexamethasone","HFD",NA
"229",948,948,175,FALSE,"C57BL/6J","Unknown","2015-02-20","M","+/+",1757,193,7020,"C57BL/6J","Grip Strength (4 Paw)","2015-02-02","fed",NA,24580,"2570,2250,2090,2290,2180",TRUE,"Dexamethasone","HFD",NA
"230",956,956,189,FALSE,"C57BL/6J","Unknown","2015-02-20","M","+/+",1757,193,7020,"C57BL/6J","Grip Strength (4 Paw)","2015-02-16","fed","16:00:00",26084,"2410,1680,2040,2210,1640",TRUE,"Dexamethasone","HFD",NA
"231",993,993,161,TRUE,"C57BL/6J","",NA,"M","+/+",1758,197,7021,"C57BL/6J","Grip Strength (4 Paw)","2015-01-19","fed","16:30:00",23848,"2510,2680,2390,2290,2890",FALSE,"Water","HFD",NA
"232",994,994,168,TRUE,"C57BL/6J","",NA,"M","+/+",1758,197,7021,"C57BL/6J","Grip Strength (4 Paw)","2015-01-26","fed",NA,23864,"4070,3360,2830,3230,3770",FALSE,"Water","HFD",NA
"233",998,998,175,TRUE,"C57BL/6J","",NA,"M","+/+",1758,197,7021,"C57BL/6J","Grip Strength (4 Paw)","2015-02-02","fed",NA,24567,"2960,2060,2210,2770,2700",FALSE,"Water","HFD",NA
"234",1006,1006,189,TRUE,"C57BL/6J","",NA,"M","+/+",1758,197,7021,"C57BL/6J","Grip Strength (4 Paw)","2015-02-16","fed","16:00:00",26073,"2450,2990,2850,2300,2830",FALSE,"Water","HFD",NA
"235",1010,1010,196,TRUE,"C57BL/6J","",NA,"M","+/+",1758,197,7021,"C57BL/6J","Grip Strength (4 Paw)","2015-02-23","fed","16:00:00",26816,"3480,2290,2960,2450,2770",FALSE,"Water","HFD",NA
"236",1047,1047,161,TRUE,"C57BL/6J","",NA,"M","+/+",1759,197,7022,"C57BL/6J","Grip Strength (4 Paw)","2015-01-19","fed","16:30:00",23849,"2210,2280,2400,2340,2710",FALSE,"Water","HFD",NA
"237",1048,1048,168,TRUE,"C57BL/6J","",NA,"M","+/+",1759,197,7022,"C57BL/6J","Grip Strength (4 Paw)","2015-01-26","fed",NA,23863,"2670,3330,3100,2280,2900",FALSE,"Water","HFD",NA
"238",1052,1052,175,TRUE,"C57BL/6J","",NA,"M","+/+",1759,197,7022,"C57BL/6J","Grip Strength (4 Paw)","2015-02-02","fed",NA,24566,"2490,2280,2110,2340,2170",FALSE,"Water","HFD",NA
"239",1060,1060,189,TRUE,"C57BL/6J","",NA,"M","+/+",1759,197,7022,"C57BL/6J","Grip Strength (4 Paw)","2015-02-16","fed","16:00:00",26075,"2370,1830,2480,2250,1930",FALSE,"Water","HFD",NA
"240",1062,1062,196,TRUE,"C57BL/6J","",NA,"M","+/+",1759,197,7022,"C57BL/6J","Grip Strength (4 Paw)","2015-02-23","fed","16:00:00",26815,"2520,2420,2790,2210,2160",FALSE,"Water","HFD",NA
"241",1099,1099,161,TRUE,"C57BL/6J","",NA,"M","+/+",1760,197,7023,"C57BL/6J","Grip Strength (4 Paw)","2015-01-19","fed","16:30:00",23850,"2520,2250,2040,2560,2480",FALSE,"Water","HFD",NA
"242",1100,1100,168,TRUE,"C57BL/6J","",NA,"M","+/+",1760,197,7023,"C57BL/6J","Grip Strength (4 Paw)","2015-01-26","fed",NA,23866,"3850,2980,3320,4190,2800",FALSE,"Water","HFD",NA
"243",1104,1104,175,TRUE,"C57BL/6J","",NA,"M","+/+",1760,197,7023,"C57BL/6J","Grip Strength (4 Paw)","2015-02-02","fed",NA,24569,"2200,1620,1790,2040,1840",FALSE,"Water","HFD",NA
"244",1112,1112,189,TRUE,"C57BL/6J","",NA,"M","+/+",1760,197,7023,"C57BL/6J","Grip Strength (4 Paw)","2015-02-16","fed","16:00:00",26074,"2530,2560,2910,2680,2890",FALSE,"Water","HFD",NA
"245",1118,1118,196,TRUE,"C57BL/6J","",NA,"M","+/+",1760,197,7023,"C57BL/6J","Grip Strength (4 Paw)","2015-02-23","fed","16:00:00",26814,"2730,3190,2970,2430,2540",FALSE,"Water","HFD",NA
"246",1155,1155,161,FALSE,"C57BL/6J","Unknown","2015-02-20","M","+/+",1761,193,7024,"C57BL/6J","Grip Strength (4 Paw)","2015-01-19","fed","16:30:00",23851,"1090,2970,2580,2200,2480",TRUE,"Dexamethasone","HFD",NA
"247",1156,1156,168,FALSE,"C57BL/6J","Unknown","2015-02-20","M","+/+",1761,193,7024,"C57BL/6J","Grip Strength (4 Paw)","2015-01-26","fed",NA,23881,"2850,2460,2900,2580,2770",TRUE,"Dexamethasone","HFD",NA
"248",1160,1160,175,FALSE,"C57BL/6J","Unknown","2015-02-20","M","+/+",1761,193,7024,"C57BL/6J","Grip Strength (4 Paw)","2015-02-02","fed",NA,24583,"2120,1680,1840,1330,1540",TRUE,"Dexamethasone","HFD",NA
"249",1168,1168,189,FALSE,"C57BL/6J","Unknown","2015-02-20","M","+/+",1761,193,7024,"C57BL/6J","Grip Strength (4 Paw)","2015-02-16","fed","16:00:00",26089,"1500,1720,1980,1520,1780",TRUE,"Dexamethasone","HFD",NA
"250",1205,1205,161,TRUE,"C57BL/6J","",NA,"M","+/+",1762,197,7025,"C57BL/6J","Grip Strength (4 Paw)","2015-01-19","fed","16:30:00",23852,"2230,2940,2940,2110,2850",TRUE,"Dexamethasone","HFD",NA
"251",1209,1209,175,TRUE,"C57BL/6J","",NA,"M","+/+",1762,197,7025,"C57BL/6J","Grip Strength (4 Paw)","2015-02-02","fed",NA,24585,"1910,1660,2100,2290,2560",TRUE,"Dexamethasone","HFD",NA
"252",1217,1217,189,TRUE,"C57BL/6J","",NA,"M","+/+",1762,197,7025,"C57BL/6J","Grip Strength (4 Paw)","2015-02-16","fed","16:00:00",26091,"2080,1220,1810,1870,1310",TRUE,"Dexamethasone","HFD",NA
"253",1254,1254,161,TRUE,"C57BL/6J","",NA,"M","+/+",1763,197,7026,"C57BL/6J","Grip Strength (4 Paw)","2015-01-19","fed","16:30:00",23853,"2060,2660,2550,2300,2600",FALSE,"Water","HFD",NA
"254",1255,1255,168,TRUE,"C57BL/6J","",NA,"M","+/+",1763,197,7026,"C57BL/6J","Grip Strength (4 Paw)","2015-01-26","fed",NA,23870,"2960,2990,2560,3310,2820",FALSE,"Water","HFD",NA
"255",1259,1259,175,TRUE,"C57BL/6J","",NA,"M","+/+",1763,197,7026,"C57BL/6J","Grip Strength (4 Paw)","2015-02-02","fed",NA,24571,"2370,1690,1390,1850,1890",FALSE,"Water","HFD",NA
"256",1267,1267,189,TRUE,"C57BL/6J","",NA,"M","+/+",1763,197,7026,"C57BL/6J","Grip Strength (4 Paw)","2015-02-16","fed","16:00:00",26076,"2560,2450,2270,2750,2410",FALSE,"Water","HFD",NA
"257",1271,1271,196,TRUE,"C57BL/6J","",NA,"M","+/+",1763,197,7026,"C57BL/6J","Grip Strength (4 Paw)","2015-02-23","fed","16:00:00",26811,"3020,3100,2480,2650,3090",FALSE,"Water","HFD",NA
