Mouse ID,CSA,Color,Diet,Treatment
1745,2586.157,Light,HFD,Dex
1745,2496.488,Light,HFD,Dex
1745,3119.628,Light,HFD,Dex
1745,2479.752,Light,HFD,Dex
1745,2345.041,Light,HFD,Dex
1745,2064.463,Light,HFD,Dex
1745,2593.595,Light,HFD,Dex
1745,2300,Light,HFD,Dex
1745,2357.645,Light,HFD,Dex
1745,1754.752,Light,HFD,Dex
1745,2376.653,Light,HFD,Dex
1745,1811.57,Light,HFD,Dex
1745,2368.802,Light,HFD,Dex
1745,1901.86,Light,HFD,Dex
1745,975.207,Light,HFD,Dex
1745,2813.017,Light,HFD,Dex
1745,2667.975,Light,HFD,Dex
1745,2395.661,Light,HFD,Dex
1745,3041.942,Light,HFD,Dex
1745,3054.752,Light,HFD,Dex
1745,3871.901,Light,HFD,Dex
1745,3871.901,Light,HFD,Dex
1745,2365.909,Light,HFD,Dex
1745,2673.347,Light,HFD,Dex
1745,2807.438,Light,HFD,Dex
1745,2976.653,Light,HFD,Dex
1745,2256.612,Light,HFD,Dex
1745,2620.041,Light,HFD,Dex
1745,3222.314,Light,HFD,Dex
1745,2053.512,Light,HFD,Dex
1745,3253.719,Light,HFD,Dex
1745,1642.562,Light,HFD,Dex
1745,1700.413,Light,HFD,Dex
1745,2348.967,Light,HFD,Dex
1745,2477.273,Light,HFD,Dex
1745,2315.496,Light,HFD,Dex
1745,2414.05,Light,HFD,Dex
1745,1803.306,Light,HFD,Dex
1745,2861.777,Light,HFD,Dex
1745,1878.719,Light,HFD,Dex
1745,1990.909,Light,HFD,Dex
1745,2145.868,Light,HFD,Dex
1745,1950.826,Light,HFD,Dex
1745,2367.562,Light,HFD,Dex
1745,2458.471,Light,HFD,Dex
1745,2510.744,Light,HFD,Dex
1745,2353.512,Light,HFD,Dex
1745,3578.306,Light,HFD,Dex
1745,2585.331,Light,HFD,Dex
1745,2389.669,Light,HFD,Dex
1745,1491.942,Medium,HFD,Dex
1745,1382.025,Medium,HFD,Dex
1745,1739.05,Medium,HFD,Dex
1745,1795.248,Medium,HFD,Dex
1745,1803.306,Medium,HFD,Dex
1745,1527.686,Medium,HFD,Dex
1745,2175.62,Medium,HFD,Dex
1745,2235.537,Medium,HFD,Dex
1745,1881.818,Medium,HFD,Dex
1745,1782.645,Medium,HFD,Dex
1745,1740.289,Medium,HFD,Dex
1745,1870.248,Medium,HFD,Dex
1745,1817.769,Medium,HFD,Dex
1745,1279.545,Medium,HFD,Dex
1745,1790.289,Medium,HFD,Dex
1745,1291.116,Medium,HFD,Dex
1745,1565.496,Medium,HFD,Dex
1745,1591.736,Medium,HFD,Dex
1745,2133.884,Medium,HFD,Dex
1745,1399.38,Medium,HFD,Dex
1745,2106.405,Medium,HFD,Dex
1745,1854.752,Medium,HFD,Dex
1745,1209.917,Medium,HFD,Dex
1745,2057.231,Medium,HFD,Dex
1745,1906.612,Medium,HFD,Dex
1745,1673.76,Medium,HFD,Dex
1745,2184.917,Medium,HFD,Dex
1745,1889.669,Medium,HFD,Dex
1745,1087.81,Medium,HFD,Dex
1745,1126.033,Medium,HFD,Dex
1745,884.091,Medium,HFD,Dex
1745,1126.653,Medium,HFD,Dex
1745,1249.38,Medium,HFD,Dex
1745,1136.364,Medium,HFD,Dex
1745,1614.05,Medium,HFD,Dex
1745,1210.744,Medium,HFD,Dex
1745,1288.223,Medium,HFD,Dex
1745,1119.835,Medium,HFD,Dex
1745,1579.339,Medium,HFD,Dex
1745,1250.413,Medium,HFD,Dex
1745,1191.322,Medium,HFD,Dex
1745,1419.628,Medium,HFD,Dex
1745,1166.116,Medium,HFD,Dex
1745,1070.248,Medium,HFD,Dex
1745,1076.86,Medium,HFD,Dex
1745,1025.413,Medium,HFD,Dex
1745,1376.446,Medium,HFD,Dex
1745,1677.066,Medium,HFD,Dex
1745,1267.975,Medium,HFD,Dex
1745,1705.992,Medium,HFD,Dex
1745,1068.182,Dark,HFD,Dex
1745,1342.769,Dark,HFD,Dex
1745,1254.339,Dark,HFD,Dex
1745,1583.058,Dark,HFD,Dex
1745,1585.124,Dark,HFD,Dex
1745,1395.868,Dark,HFD,Dex
1745,1547.314,Dark,HFD,Dex
1745,1616.736,Dark,HFD,Dex
1745,1201.446,Dark,HFD,Dex
1745,1217.355,Dark,HFD,Dex
1745,1004.132,Dark,HFD,Dex
1745,1312.19,Dark,HFD,Dex
1745,1285.95,Dark,HFD,Dex
1745,1031.818,Dark,HFD,Dex
1745,1097.107,Dark,HFD,Dex
1745,898.554,Dark,HFD,Dex
1745,1253.512,Dark,HFD,Dex
1745,1111.57,Dark,HFD,Dex
1745,1367.355,Dark,HFD,Dex
1745,1240.496,Dark,HFD,Dex
1745,1945.661,Dark,HFD,Dex
1745,1803.099,Dark,HFD,Dex
1745,1250.413,Dark,HFD,Dex
1745,1183.678,Dark,HFD,Dex
1745,1326.446,Dark,HFD,Dex
1745,1063.223,Dark,HFD,Dex
1745,1391.322,Dark,HFD,Dex
1745,1637.81,Dark,HFD,Dex
1745,922.314,Dark,HFD,Dex
1745,1518.182,Dark,HFD,Dex
1745,1937.81,Dark,HFD,Dex
1745,988.017,Dark,HFD,Dex
1745,965.909,Dark,HFD,Dex
1745,1406.818,Dark,HFD,Dex
1745,886.364,Dark,HFD,Dex
1745,1228.719,Dark,HFD,Dex
1745,858.058,Dark,HFD,Dex
1745,1314.256,Dark,HFD,Dex
1745,1056.405,Dark,HFD,Dex
1745,1209.711,Dark,HFD,Dex
1745,1218.595,Dark,HFD,Dex
1745,1297.314,Dark,HFD,Dex
1745,1594.421,Dark,HFD,Dex
1745,1364.05,Dark,HFD,Dex
1745,1253.719,Dark,HFD,Dex
1745,1319.628,Dark,HFD,Dex
1746,1736.777,Light,HFD,Dex
1746,1225.413,Light,HFD,Dex
1746,2079.752,Light,HFD,Dex
1746,2081.405,Light,HFD,Dex
1746,1611.983,Light,HFD,Dex
1746,1638.636,Light,HFD,Dex
1746,1828.512,Light,HFD,Dex
1746,1776.033,Light,HFD,Dex
1746,1752.893,Light,HFD,Dex
1746,1225.62,Light,HFD,Dex
1746,1577.893,Light,HFD,Dex
1746,2726.446,Light,HFD,Dex
1746,1850.826,Light,HFD,Dex
1746,1797.107,Light,HFD,Dex
1746,1955.785,Light,HFD,Dex
1746,2197.521,Light,HFD,Dex
1746,2797.727,Light,HFD,Dex
1746,3470.041,Light,HFD,Dex
1746,3059.504,Light,HFD,Dex
1746,2384.091,Light,HFD,Dex
1746,2069.008,Light,HFD,Dex
1746,1903.719,Light,HFD,Dex
1746,2689.463,Light,HFD,Dex
1746,2436.57,Light,HFD,Dex
1746,2810.744,Light,HFD,Dex
1746,1378.719,Light,HFD,Dex
1746,2223.554,Light,HFD,Dex
1746,1793.388,Light,HFD,Dex
1746,2320.868,Light,HFD,Dex
1746,1358.264,Light,HFD,Dex
1746,2100.826,Light,HFD,Dex
1746,1937.397,Light,HFD,Dex
1746,1807.438,Light,HFD,Dex
1746,1676.653,Light,HFD,Dex
1746,1582.645,Light,HFD,Dex
1746,1431.612,Light,HFD,Dex
1746,1494.008,Light,HFD,Dex
1746,1764.669,Light,HFD,Dex
1746,1119.628,Medium,HFD,Dex
1746,1050,Medium,HFD,Dex
1746,1234.298,Medium,HFD,Dex
1746,995.455,Medium,HFD,Dex
1746,1347.521,Medium,HFD,Dex
1746,1059.504,Medium,HFD,Dex
1746,1246.694,Medium,HFD,Dex
1746,1311.777,Medium,HFD,Dex
1746,1005.785,Medium,HFD,Dex
1746,1173.554,Medium,HFD,Dex
1746,1139.05,Medium,HFD,Dex
1746,1492.562,Medium,HFD,Dex
1746,893.802,Medium,HFD,Dex
1746,1051.24,Medium,HFD,Dex
1746,1097.107,Medium,HFD,Dex
1746,970.248,Medium,HFD,Dex
1746,1341.529,Medium,HFD,Dex
1746,1767.562,Medium,HFD,Dex
1746,1651.033,Medium,HFD,Dex
1746,1399.793,Medium,HFD,Dex
1746,1424.793,Medium,HFD,Dex
1746,2185.331,Medium,HFD,Dex
1746,1578.099,Medium,HFD,Dex
1746,2242.975,Medium,HFD,Dex
1746,1623.76,Medium,HFD,Dex
1746,1211.777,Medium,HFD,Dex
1746,2037.19,Medium,HFD,Dex
1746,2491.529,Medium,HFD,Dex
1746,2206.198,Medium,HFD,Dex
1746,1107.438,Medium,HFD,Dex
1746,1041.942,Medium,HFD,Dex
1746,1235.124,Medium,HFD,Dex
1746,1269.008,Medium,HFD,Dex
1746,862.397,Medium,HFD,Dex
1746,990.083,Medium,HFD,Dex
1746,1132.851,Medium,HFD,Dex
1746,1200.207,Medium,HFD,Dex
1746,1172.314,Medium,HFD,Dex
1746,1389.669,Medium,HFD,Dex
1746,905.992,Medium,HFD,Dex
1746,1065.496,Medium,HFD,Dex
1746,1198.554,Medium,HFD,Dex
1746,887.603,Medium,HFD,Dex
1746,923.554,Medium,HFD,Dex
1746,1160.537,Medium,HFD,Dex
1746,808.058,Medium,HFD,Dex
1746,943.388,Medium,HFD,Dex
1746,1785.537,Dark,HFD,Dex
1746,1346.694,Dark,HFD,Dex
1746,1775.826,Dark,HFD,Dex
1746,1343.595,Dark,HFD,Dex
1746,1708.884,Dark,HFD,Dex
1746,1771.694,Dark,HFD,Dex
1746,933.678,Dark,HFD,Dex
1746,1628.306,Dark,HFD,Dex
1746,1211.157,Dark,HFD,Dex
1746,1645.248,Dark,HFD,Dex
1746,1358.471,Dark,HFD,Dex
1746,1585.744,Dark,HFD,Dex
1746,1193.595,Dark,HFD,Dex
1746,1416.116,Dark,HFD,Dex
1746,1657.438,Dark,HFD,Dex
1746,1726.446,Dark,HFD,Dex
1746,1271.281,Dark,HFD,Dex
1746,921.281,Dark,HFD,Dex
1748,1265.083,Light,HFD,Dex
1748,1175.207,Light,HFD,Dex
1748,1920.661,Light,HFD,Dex
1748,1627.273,Light,HFD,Dex
1748,1449.174,Light,HFD,Dex
1748,1854.132,Light,HFD,Dex
1748,1118.182,Light,HFD,Dex
1748,994.008,Light,HFD,Dex
1748,1785.95,Light,HFD,Dex
1748,2082.231,Light,HFD,Dex
1748,1538.843,Light,HFD,Dex
1748,1716.736,Light,HFD,Dex
1748,1723.554,Light,HFD,Dex
1748,2215.496,Light,HFD,Dex
1748,2411.364,Light,HFD,Dex
1748,2413.636,Light,HFD,Dex
1748,1707.025,Light,HFD,Dex
1748,1712.81,Light,HFD,Dex
1748,1138.636,Light,HFD,Dex
1748,1876.653,Light,HFD,Dex
1748,2003.719,Light,HFD,Dex
1748,2452.273,Light,HFD,Dex
1748,2360.124,Light,HFD,Dex
1748,1982.438,Light,HFD,Dex
1748,2182.025,Light,HFD,Dex
1748,2080.992,Light,HFD,Dex
1748,2361.57,Light,HFD,Dex
1748,1787.603,Light,HFD,Dex
1748,2055.992,Light,HFD,Dex
1748,2689.876,Light,HFD,Dex
1748,2928.512,Light,HFD,Dex
1748,2562.397,Light,HFD,Dex
1748,1966.116,Light,HFD,Dex
1748,1789.876,Light,HFD,Dex
1748,1852.273,Light,HFD,Dex
1748,2631.818,Light,HFD,Dex
1748,2362.19,Light,HFD,Dex
1748,2245.248,Light,HFD,Dex
1748,2724.174,Light,HFD,Dex
1748,1859.917,Light,HFD,Dex
1748,1351.446,Light,HFD,Dex
1748,1213.843,Light,HFD,Dex
1748,1268.388,Light,HFD,Dex
1748,1268.595,Light,HFD,Dex
1748,1436.364,Light,HFD,Dex
1748,1552.066,Light,HFD,Dex
1748,1528.099,Light,HFD,Dex
1748,2097.521,Light,HFD,Dex
1748,1301.653,Light,HFD,Dex
1748,1219.008,Light,HFD,Dex
1748,1181.818,Light,HFD,Dex
1748,900.62,Medium,HFD,Dex
1748,912.603,Medium,HFD,Dex
1748,682.231,Medium,HFD,Dex
1748,911.364,Medium,HFD,Dex
1748,817.149,Medium,HFD,Dex
1748,748.14,Medium,HFD,Dex
1748,1150.207,Medium,HFD,Dex
1748,800,Medium,HFD,Dex
1748,691.529,Medium,HFD,Dex
1748,1028.512,Medium,HFD,Dex
1748,1246.074,Medium,HFD,Dex
1748,852.893,Medium,HFD,Dex
1748,888.017,Medium,HFD,Dex
1748,783.058,Medium,HFD,Dex
1748,1020.248,Medium,HFD,Dex
1748,624.174,Medium,HFD,Dex
1748,624.174,Medium,HFD,Dex
1748,1583.678,Medium,HFD,Dex
1748,1401.446,Medium,HFD,Dex
1748,1461.157,Medium,HFD,Dex
1748,1641.529,Medium,HFD,Dex
1748,1558.264,Medium,HFD,Dex
1748,1654.545,Medium,HFD,Dex
1748,1810.124,Medium,HFD,Dex
1748,2453.719,Medium,HFD,Dex
1748,1798.967,Medium,HFD,Dex
1748,2509.091,Medium,HFD,Dex
1748,2584.917,Medium,HFD,Dex
1748,1472.521,Medium,HFD,Dex
1748,1895.455,Medium,HFD,Dex
1748,1402.479,Medium,HFD,Dex
1748,1169.421,Medium,HFD,Dex
1748,1243.182,Medium,HFD,Dex
1748,1226.446,Medium,HFD,Dex
1748,1304.959,Medium,HFD,Dex
1748,1599.174,Medium,HFD,Dex
1748,1844.215,Medium,HFD,Dex
1748,1113.017,Medium,HFD,Dex
1748,1027.479,Medium,HFD,Dex
1748,987.19,Medium,HFD,Dex
1748,1209.091,Medium,HFD,Dex
1748,1079.959,Medium,HFD,Dex
1748,1244.835,Medium,HFD,Dex
1748,980.785,Medium,HFD,Dex
1748,1308.471,Medium,HFD,Dex
1748,1281.405,Medium,HFD,Dex
1748,1004.545,Medium,HFD,Dex
1748,1342.769,Medium,HFD,Dex
1748,1296.901,Medium,HFD,Dex
1748,923.76,Dark,HFD,Dex
1748,892.975,Dark,HFD,Dex
1748,902.686,Dark,HFD,Dex
1748,567.149,Dark,HFD,Dex
1748,435.537,Dark,HFD,Dex
1748,435.537,Dark,HFD,Dex
1748,644.215,Dark,HFD,Dex
1748,821.074,Dark,HFD,Dex
1748,725.207,Dark,HFD,Dex
1748,1643.388,Dark,HFD,Dex
1748,1287.397,Dark,HFD,Dex
1748,1226.86,Dark,HFD,Dex
1748,1596.694,Dark,HFD,Dex
1748,1714.05,Dark,HFD,Dex
1748,2229.339,Dark,HFD,Dex
1748,1628.512,Dark,HFD,Dex
1748,2278.926,Dark,HFD,Dex
1748,1947.934,Dark,HFD,Dex
1748,1235.124,Dark,HFD,Dex
1748,1678.719,Dark,HFD,Dex
1748,1424.793,Dark,HFD,Dex
1748,1055.372,Dark,HFD,Dex
1752,3365.702,Light,HFD,Water
1752,2462.19,Light,HFD,Water
1752,5219.008,Light,HFD,Water
1752,3679.752,Light,HFD,Water
1752,2615.083,Light,HFD,Water
1752,3184.298,Light,HFD,Water
1752,2479.959,Light,HFD,Water
1752,3304.959,Light,HFD,Water
1752,3350,Light,HFD,Water
1752,3532.025,Light,HFD,Water
1752,3099.174,Light,HFD,Water
1752,2896.901,Light,HFD,Water
1752,2545.868,Light,HFD,Water
1752,3717.975,Light,HFD,Water
1752,2823.14,Light,HFD,Water
1752,3860.744,Light,HFD,Water
1752,2727.066,Light,HFD,Water
1752,3350,Light,HFD,Water
1752,3050.207,Light,HFD,Water
1752,2354.545,Light,HFD,Water
1752,3213.636,Light,HFD,Water
1752,2768.182,Light,HFD,Water
1752,2398.76,Light,HFD,Water
1752,2787.603,Light,HFD,Water
1752,2576.653,Light,HFD,Water
1752,2995.661,Light,HFD,Water
1752,2174.38,Light,HFD,Water
1752,3208.264,Light,HFD,Water
1752,3600.207,Light,HFD,Water
1752,3418.802,Light,HFD,Water
1752,3397.107,Light,HFD,Water
1752,4066.529,Light,HFD,Water
1760,3863.43,Light,HFD,Water
1760,4478.306,Light,HFD,Water
1760,3844.215,Light,HFD,Water
1760,4010.331,Light,HFD,Water
1760,5271.281,Light,HFD,Water
1760,3975,Light,HFD,Water
1760,3691.942,Light,HFD,Water
1760,3339.05,Light,HFD,Water
1760,2733.058,Light,HFD,Water
1760,2760.95,Light,HFD,Water
1760,3228.719,Light,HFD,Water
1760,2937.603,Light,HFD,Water
1760,3528.306,Light,HFD,Water
1760,5352.273,Light,HFD,Water
1760,1935.124,Light,HFD,Water
1760,3091.529,Light,HFD,Water
1760,3222.521,Light,HFD,Water
1760,2639.463,Light,HFD,Water
1760,2934.917,Light,HFD,Water
1760,3982.438,Light,HFD,Water
1760,2828.926,Light,HFD,Water
1760,2867.769,Light,HFD,Water
1760,3282.645,Light,HFD,Water
1760,4810.744,Light,HFD,Water
1760,3794.215,Light,HFD,Water
1760,4388.43,Light,HFD,Water
1760,4443.595,Light,HFD,Water
1760,3912.397,Light,HFD,Water
1760,4400.207,Light,HFD,Water
1760,4245.041,Light,HFD,Water
1760,2338.843,Light,HFD,Water
1760,2851.653,Light,HFD,Water
1760,2723.14,Light,HFD,Water
1760,4988.43,Light,HFD,Water
1760,5093.182,Light,HFD,Water
1760,5187.397,Light,HFD,Water
1760,2737.19,Light,HFD,Water
1760,1940.289,Light,HFD,Water
1760,3656.405,Light,HFD,Water
1760,2781.405,Light,HFD,Water
1769,2845.248,Light,HFD,Water
1769,3050,Light,HFD,Water
1769,4154.959,Light,HFD,Water
1769,3515.083,Light,HFD,Water
1769,3243.595,Light,HFD,Water
1769,3016.529,Light,HFD,Water
1769,4531.818,Light,HFD,Water
1769,3487.603,Light,HFD,Water
1769,4374.587,Light,HFD,Water
1769,4327.066,Light,HFD,Water
1769,2327.686,Light,HFD,Water
1769,3825.413,Light,HFD,Water
1769,3054.545,Light,HFD,Water
1769,3594.215,Light,HFD,Water
1769,4172.314,Light,HFD,Water
1769,4437.603,Light,HFD,Water
1769,3301.446,Light,HFD,Water
1769,4447.934,Light,HFD,Water
1769,3567.149,Light,HFD,Water
1769,4208.058,Light,HFD,Water
1769,3910.331,Light,HFD,Water
1769,3268.182,Light,HFD,Water
1769,4593.802,Light,HFD,Water
1769,3781.198,Light,HFD,Water
1769,4891.529,Light,HFD,Water
1769,3467.769,Light,HFD,Water
1769,3732.851,Light,HFD,Water
1769,3781.818,Light,HFD,Water
1769,3767.975,Light,HFD,Water
1769,3177.273,Light,HFD,Water
1769,3459.504,Light,HFD,Water
1769,2761.157,Light,HFD,Water
1769,2906.405,Light,HFD,Water
1769,3744.008,Light,HFD,Water
1769,3651.033,Light,HFD,Water
1769,4253.926,Light,HFD,Water
1769,4417.769,Light,HFD,Water
1769,3864.256,Light,HFD,Water
1769,3405.992,Light,HFD,Water
1769,2835.124,Light,HFD,Water
1769,3496.281,Light,HFD,Water
1769,4479.752,Light,HFD,Water
1769,5093.595,Light,HFD,Water
1769,3513.636,Light,HFD,Water
1752,1816.736,Medium,HFD,Water
1752,1603.512,Medium,HFD,Water
1752,1716.322,Medium,HFD,Water
1752,2067.149,Medium,HFD,Water
1752,2081.612,Medium,HFD,Water
1752,2179.545,Medium,HFD,Water
1752,2089.463,Medium,HFD,Water
1752,1907.645,Medium,HFD,Water
1752,1411.157,Medium,HFD,Water
1752,1602.686,Medium,HFD,Water
1752,1688.636,Medium,HFD,Water
1752,1485.331,Medium,HFD,Water
1752,2319.215,Medium,HFD,Water
1752,1751.86,Medium,HFD,Water
1752,1910.331,Medium,HFD,Water
1752,1892.769,Medium,HFD,Water
1752,2588.43,Medium,HFD,Water
1752,1571.488,Medium,HFD,Water
1752,1940.289,Medium,HFD,Water
1752,1803.926,Medium,HFD,Water
1752,1900.413,Medium,HFD,Water
1752,2008.884,Medium,HFD,Water
1752,1346.901,Medium,HFD,Water
1752,1673.967,Medium,HFD,Water
1752,1983.884,Medium,HFD,Water
1752,1840.909,Medium,HFD,Water
1752,1733.264,Medium,HFD,Water
1752,1333.471,Medium,HFD,Water
1752,1701.653,Medium,HFD,Water
1752,1452.066,Medium,HFD,Water
1752,1455.165,Medium,HFD,Water
1752,2312.19,Medium,HFD,Water
1752,1293.595,Medium,HFD,Water
1752,2090.289,Medium,HFD,Water
1752,2120.661,Medium,HFD,Water
1752,2140.289,Medium,HFD,Water
1752,1742.355,Medium,HFD,Water
1752,1701.653,Medium,HFD,Water
1752,1636.983,Medium,HFD,Water
1752,1547.314,Medium,HFD,Water
1752,1778.306,Medium,HFD,Water
1752,1704.132,Medium,HFD,Water
1752,1933.678,Medium,HFD,Water
1752,2566.942,Medium,HFD,Water
1752,2201.033,Medium,HFD,Water
1752,1998.347,Medium,HFD,Water
1752,1126.86,Dark,HFD,Water
1752,800.62,Dark,HFD,Water
1752,1163.636,Dark,HFD,Water
1752,1117.769,Dark,HFD,Water
1752,879.545,Dark,HFD,Water
1752,944.835,Dark,HFD,Water
1752,1222.521,Dark,HFD,Water
1752,1128.099,Dark,HFD,Water
1752,949.38,Dark,HFD,Water
1752,1276.446,Dark,HFD,Water
1752,1106.612,Dark,HFD,Water
1752,1033.678,Dark,HFD,Water
1752,1306.405,Dark,HFD,Water
1752,1038.843,Dark,HFD,Water
1752,1369.421,Dark,HFD,Water
1752,1109.504,Dark,HFD,Water
1752,1328.512,Dark,HFD,Water
1752,1156.818,Dark,HFD,Water
1752,1152.066,Dark,HFD,Water
1752,1170.868,Dark,HFD,Water
1752,1257.438,Dark,HFD,Water
1752,746.281,Dark,HFD,Water
1752,1082.231,Dark,HFD,Water
1752,1017.562,Dark,HFD,Water
1752,804.959,Dark,HFD,Water
1752,1096.488,Dark,HFD,Water
1752,1187.81,Dark,HFD,Water
1752,1405.579,Dark,HFD,Water
1760,2291.322,Medium,HFD,Water
1760,2421.488,Medium,HFD,Water
1760,1930.165,Medium,HFD,Water
1760,1726.446,Medium,HFD,Water
1760,2019.628,Medium,HFD,Water
1760,2554.132,Medium,HFD,Water
1760,2072.521,Medium,HFD,Water
1760,2325.207,Medium,HFD,Water
1760,2396.901,Medium,HFD,Water
1760,1512.603,Medium,HFD,Water
1760,2160.95,Medium,HFD,Water
1760,2320.248,Medium,HFD,Water
1760,1711.364,Medium,HFD,Water
1760,2067.769,Medium,HFD,Water
1760,2150,Medium,HFD,Water
1760,2351.033,Medium,HFD,Water
1760,1731.818,Medium,HFD,Water
1760,2142.355,Medium,HFD,Water
1760,1846.074,Medium,HFD,Water
1760,2123.76,Medium,HFD,Water
1760,2153.512,Medium,HFD,Water
1760,1473.76,Medium,HFD,Water
1760,1980.579,Medium,HFD,Water
1760,2811.57,Medium,HFD,Water
1760,2065.909,Medium,HFD,Water
1760,1933.264,Medium,HFD,Water
1760,2861.157,Medium,HFD,Water
1760,2798.347,Medium,HFD,Water
1760,3230.579,Medium,HFD,Water
1760,3243.595,Medium,HFD,Water
1760,2343.802,Medium,HFD,Water
1760,2572.934,Medium,HFD,Water
1760,2205.992,Medium,HFD,Water
1760,2582.231,Medium,HFD,Water
1760,1863.843,Medium,HFD,Water
1760,2132.231,Medium,HFD,Water
1760,1922.727,Medium,HFD,Water
1760,2294.628,Medium,HFD,Water
1760,3539.876,Medium,HFD,Water
1760,2274.793,Medium,HFD,Water
1760,2322.521,Medium,HFD,Water
1760,2481.818,Medium,HFD,Water
1760,3133.264,Medium,HFD,Water
1760,3134.298,Medium,HFD,Water
1760,2432.231,Medium,HFD,Water
1760,1403.306,Medium,HFD,Water
1760,2463.843,Medium,HFD,Water
1760,1494.835,Dark,HFD,Water
1760,1620.041,Dark,HFD,Water
1760,1676.653,Dark,HFD,Water
1760,789.05,Dark,HFD,Water
1760,1402.893,Dark,HFD,Water
1760,941.942,Dark,HFD,Water
1760,1316.116,Dark,HFD,Water
1760,1389.256,Dark,HFD,Water
1760,1621.901,Dark,HFD,Water
1760,1223.554,Dark,HFD,Water
1760,1358.264,Dark,HFD,Water
1760,975.413,Dark,HFD,Water
1760,1056.818,Dark,HFD,Water
1760,991.322,Dark,HFD,Water
1760,1234.711,Dark,HFD,Water
1760,1562.603,Dark,HFD,Water
1760,1901.24,Dark,HFD,Water
1760,1640.909,Dark,HFD,Water
1760,1127.066,Dark,HFD,Water
1760,1289.876,Dark,HFD,Water
1760,1046.694,Dark,HFD,Water
1760,1337.397,Dark,HFD,Water
1760,1353.099,Dark,HFD,Water
1760,1515.909,Dark,HFD,Water
1760,1028.926,Dark,HFD,Water
1760,1628.512,Dark,HFD,Water
1760,1120.868,Dark,HFD,Water
1760,1000.207,Dark,HFD,Water
1760,1101.653,Dark,HFD,Water
1760,1543.802,Dark,HFD,Water
1760,946.694,Dark,HFD,Water
1760,685.124,Dark,HFD,Water
1760,1150,Dark,HFD,Water
1760,1232.851,Dark,HFD,Water
1760,1109.091,Dark,HFD,Water
1769,1928.306,Medium,HFD,Water
1769,2572.314,Medium,HFD,Water
1769,2938.017,Medium,HFD,Water
1769,1975.413,Medium,HFD,Water
1769,3332.231,Medium,HFD,Water
1769,2033.058,Medium,HFD,Water
1769,2086.777,Medium,HFD,Water
1769,2400.62,Medium,HFD,Water
1769,2144.628,Medium,HFD,Water
1769,2056.612,Medium,HFD,Water
1769,1963.636,Medium,HFD,Water
1769,1925.207,Medium,HFD,Water
1769,1476.446,Medium,HFD,Water
1769,1893.595,Medium,HFD,Water
1769,1870.661,Medium,HFD,Water
1769,1870.661,Medium,HFD,Water
1769,2354.132,Medium,HFD,Water
1769,2085.124,Medium,HFD,Water
1769,2028.719,Medium,HFD,Water
1769,1798.76,Medium,HFD,Water
1769,1775.207,Medium,HFD,Water
1769,1707.645,Medium,HFD,Water
1769,2299.38,Medium,HFD,Water
1769,1500.62,Medium,HFD,Water
1769,1535.95,Medium,HFD,Water
1769,1450.413,Medium,HFD,Water
1769,1470.868,Medium,HFD,Water
1769,1451.033,Medium,HFD,Water
1769,1644.421,Medium,HFD,Water
1769,1795.661,Medium,HFD,Water
1769,2001.446,Medium,HFD,Water
1769,1918.388,Medium,HFD,Water
1769,1627.479,Medium,HFD,Water
1769,1907.231,Medium,HFD,Water
1769,1972.314,Medium,HFD,Water
1769,1504.959,Medium,HFD,Water
1769,1916.529,Medium,HFD,Water
1769,1697.107,Medium,HFD,Water
1769,1457.851,Medium,HFD,Water
1769,1627.066,Medium,HFD,Water
1769,480.372,Dark,HFD,Water
1769,709.091,Dark,HFD,Water
1769,856.198,Dark,HFD,Water
1769,1274.793,Dark,HFD,Water
1769,938.43,Dark,HFD,Water
1769,969.215,Dark,HFD,Water
1769,1937.81,Dark,HFD,Water
1769,1439.463,Dark,HFD,Water
1769,1229.132,Dark,HFD,Water
1769,1121.488,Dark,HFD,Water
1769,1308.678,Dark,HFD,Water
1769,1482.438,Dark,HFD,Water
1769,1454.959,Dark,HFD,Water
1769,1102.686,Dark,HFD,Water
1769,1125.62,Dark,HFD,Water
1769,914.876,Dark,HFD,Water
1769,1378.512,Dark,HFD,Water
1769,720.248,Dark,HFD,Water
1769,921.694,Dark,HFD,Water
1769,844.835,Dark,HFD,Water
1769,1106.405,Dark,HFD,Water
1769,432.025,Dark,HFD,Water
1769,987.397,Dark,HFD,Water
1769,1003.719,Dark,HFD,Water
1769,1247.727,Dark,HFD,Water
1769,1455.372,Dark,HFD,Water
1769,958.264,Dark,HFD,Water
1769,1439.876,Dark,HFD,Water
1769,1007.231,Dark,HFD,Water
1769,1061.157,Dark,HFD,Water
1769,1460.95,Dark,HFD,Water
1769,1460.95,Dark,HFD,Water
3035,4108.471,Light,NCD,Water
3035,4129.339,Light,NCD,Water
3035,2889.669,Light,NCD,Water
3035,3019.215,Light,NCD,Water
3035,3182.851,Light,NCD,Water
3035,4034.917,Light,NCD,Water
3035,4244.628,Light,NCD,Water
3035,6477.686,Light,NCD,Water
3035,3204.959,Light,NCD,Water
3035,4547.521,Light,NCD,Water
3035,4871.694,Light,NCD,Water
3035,4627.686,Light,NCD,Water
3035,4163.223,Light,NCD,Water
3035,4090.289,Light,NCD,Water
3035,4316.322,Light,NCD,Water
3035,4762.19,Light,NCD,Water
3035,4716.942,Light,NCD,Water
3035,4335.537,Light,NCD,Water
3035,3949.38,Light,NCD,Water
3035,4792.975,Light,NCD,Water
3035,3269.421,Light,NCD,Water
3035,3642.149,Light,NCD,Water
3035,3791.529,Light,NCD,Water
3035,4867.149,Light,NCD,Water
3035,4921.074,Light,NCD,Water
3035,5293.182,Light,NCD,Water
3035,3858.058,Light,NCD,Water
3035,5222.727,Light,NCD,Water
3035,3683.058,Light,NCD,Water
3035,4684.504,Light,NCD,Water
3035,3651.446,Light,NCD,Water
3035,3572.934,Light,NCD,Water
3035,4090.909,Light,NCD,Water
3035,3650.207,Light,NCD,Water
3035,3111.364,Light,NCD,Water
3035,3021.074,Light,NCD,Water
3035,2869.628,Light,NCD,Water
3035,4407.438,Light,NCD,Water
3035,2720.661,Light,NCD,Water
3035,1999.587,Light,NCD,Water
3035,4101.24,Light,NCD,Water
3035,2660.124,Light,NCD,Water
3035,3227.686,Light,NCD,Water
3035,3030.372,Light,NCD,Water
3035,2653.306,Medium,NCD,Water
3035,1747.314,Medium,NCD,Water
3035,2362.19,Medium,NCD,Water
3035,2257.438,Medium,NCD,Water
3035,2508.264,Medium,NCD,Water
3035,2776.033,Medium,NCD,Water
3035,2585.124,Medium,NCD,Water
3035,2994.835,Medium,NCD,Water
3035,2588.636,Medium,NCD,Water
3035,2556.405,Medium,NCD,Water
3035,3423.76,Medium,NCD,Water
3035,3026.446,Medium,NCD,Water
3035,2822.934,Medium,NCD,Water
3035,2652.066,Medium,NCD,Water
3035,2772.107,Medium,NCD,Water
3035,2500.62,Medium,NCD,Water
3035,2569.421,Medium,NCD,Water
3035,2725.62,Medium,NCD,Water
3035,2841.942,Medium,NCD,Water
3035,2633.264,Medium,NCD,Water
3035,3685.331,Medium,NCD,Water
3035,1772.727,Medium,NCD,Water
3035,1370.868,Medium,NCD,Water
3035,1879.545,Medium,NCD,Water
3035,2415.702,Medium,NCD,Water
3035,2265.702,Medium,NCD,Water
3035,2466.322,Medium,NCD,Water
3035,2909.298,Medium,NCD,Water
3035,2799.587,Medium,NCD,Water
3035,2177.479,Medium,NCD,Water
3035,2557.231,Medium,NCD,Water
3035,2877.686,Medium,NCD,Water
3035,2223.76,Medium,NCD,Water
3035,1905.992,Medium,NCD,Water
3035,2160.95,Medium,NCD,Water
3035,2310.95,Medium,NCD,Water
3035,1735.331,Medium,NCD,Water
3035,1421.281,Medium,NCD,Water
3035,1888.43,Medium,NCD,Water
3035,1833.058,Medium,NCD,Water
3035,2467.769,Medium,NCD,Water
3035,1475.413,Medium,NCD,Water
3035,2468.388,Medium,NCD,Water
3035,1441.322,Medium,NCD,Water
3035,2507.231,Medium,NCD,Water
3035,2878.306,Dark,NCD,Water
3035,3209.091,Dark,NCD,Water
3035,1627.893,Dark,NCD,Water
3035,2380.579,Dark,NCD,Water
3035,1654.132,Dark,NCD,Water
3035,1445.041,Dark,NCD,Water
3035,1108.471,Dark,NCD,Water
3035,1649.174,Dark,NCD,Water
3035,1873.347,Dark,NCD,Water
3035,1501.24,Dark,NCD,Water
3035,1117.355,Dark,NCD,Water
3035,1627.893,Dark,NCD,Water
3035,1758.264,Dark,NCD,Water
3035,1191.736,Dark,NCD,Water
3035,1314.256,Dark,NCD,Water
3035,940.496,Dark,NCD,Water
3035,946.281,Dark,NCD,Water
3035,1040.083,Dark,NCD,Water
3035,1567.149,Dark,NCD,Water
3035,934.504,Dark,NCD,Water
3035,1509.917,Dark,NCD,Water
3035,821.901,Dark,NCD,Water
3038,3824.174,Light,NCD,Water
3038,5532.645,Light,NCD,Water
3038,3768.802,Light,NCD,Water
3038,4516.736,Light,NCD,Water
3038,5107.231,Light,NCD,Water
3038,5211.157,Light,NCD,Water
3038,4242.975,Light,NCD,Water
3038,4309.711,Light,NCD,Water
3038,4663.017,Light,NCD,Water
3038,5552.686,Light,NCD,Water
3038,4965.289,Light,NCD,Water
3038,4529.132,Light,NCD,Water
3038,4811.983,Light,NCD,Water
3038,3861.157,Light,NCD,Water
3038,4686.983,Light,NCD,Water
3038,5063.843,Light,NCD,Water
3038,2977.893,Light,NCD,Water
3038,4168.182,Light,NCD,Water
3038,3812.19,Light,NCD,Water
3038,3715.083,Light,NCD,Water
3038,5327.066,Light,NCD,Water
3038,3679.959,Light,NCD,Water
3038,3888.843,Light,NCD,Water
3038,4263.43,Light,NCD,Water
3038,3927.686,Light,NCD,Water
3038,4517.149,Light,NCD,Water
3038,4091.322,Light,NCD,Water
3038,4101.653,Light,NCD,Water
3038,4057.025,Light,NCD,Water
3038,3441.529,Light,NCD,Water
3038,3703.719,Light,NCD,Water
3038,4264.05,Light,NCD,Water
3038,5001.86,Light,NCD,Water
3038,4169.628,Light,NCD,Water
3038,4572.314,Light,NCD,Water
3038,5294.628,Light,NCD,Water
3038,3832.851,Light,NCD,Water
3038,4427.273,Light,NCD,Water
3038,3972.314,Light,NCD,Water
3038,3490.909,Light,NCD,Water
3038,3886.777,Light,NCD,Water
3038,3092.149,Light,NCD,Water
3038,5204.339,Light,NCD,Water
3038,5378.926,Light,NCD,Water
3038,4383.884,Light,NCD,Water
3038,2355.165,Medium,NCD,Water
3038,3428.099,Medium,NCD,Water
3038,3016.322,Medium,NCD,Water
3038,2688.43,Medium,NCD,Water
3038,2458.678,Medium,NCD,Water
3038,3003.512,Medium,NCD,Water
3038,3755.165,Medium,NCD,Water
3038,2960.537,Medium,NCD,Water
3038,3442.355,Medium,NCD,Water
3038,2872.314,Medium,NCD,Water
3038,3080.165,Medium,NCD,Water
3038,2974.38,Medium,NCD,Water
3038,2160.331,Medium,NCD,Water
3038,2193.388,Medium,NCD,Water
3038,1418.182,Medium,NCD,Water
3038,1548.14,Medium,NCD,Water
3038,2330.165,Medium,NCD,Water
3038,2002.273,Medium,NCD,Water
3038,1994.215,Medium,NCD,Water
3038,2286.157,Medium,NCD,Water
3038,2400.413,Medium,NCD,Water
3038,2394.008,Medium,NCD,Water
3038,2271.281,Medium,NCD,Water
3038,2611.364,Medium,NCD,Water
3038,2905.165,Medium,NCD,Water
3038,3013.843,Medium,NCD,Water
3038,2499.174,Medium,NCD,Water
3038,2288.017,Medium,NCD,Water
3038,2611.364,Medium,NCD,Water
3038,1540.702,Dark,NCD,Water
3038,1216.942,Dark,NCD,Water
3038,2263.017,Dark,NCD,Water
3038,1750.207,Dark,NCD,Water
3038,1693.595,Dark,NCD,Water
3038,1894.628,Dark,NCD,Water
3038,1844.008,Dark,NCD,Water
3038,1389.463,Dark,NCD,Water
3038,1201.033,Dark,NCD,Water
3038,1445.248,Dark,NCD,Water
3038,1535.537,Dark,NCD,Water
3038,1884.091,Dark,NCD,Water
3038,1018.182,Dark,NCD,Water
3038,1222.107,Dark,NCD,Water
3038,982.438,Dark,NCD,Water
3038,907.438,Dark,NCD,Water
3038,1096.488,Dark,NCD,Water
3038,1257.851,Dark,NCD,Water
3038,1242.355,Dark,NCD,Water
3038,932.231,Dark,NCD,Water
3038,1179.545,Dark,NCD,Water
3038,1036.157,Dark,NCD,Water
3038,1212.19,Dark,NCD,Water
3038,1103.512,Dark,NCD,Water
3041,3928.099,Light,NCD,Water
3041,4396.281,Light,NCD,Water
3041,3796.281,Light,NCD,Water
3041,4490.289,Light,NCD,Water
3041,3452.066,Light,NCD,Water
3041,2539.05,Light,NCD,Water
3041,3438.017,Light,NCD,Water
3041,4521.074,Light,NCD,Water
3041,3362.397,Light,NCD,Water
3041,3267.355,Light,NCD,Water
3041,4097.107,Light,NCD,Water
3041,3741.322,Light,NCD,Water
3041,3994.008,Light,NCD,Water
3041,5039.463,Light,NCD,Water
3041,3592.149,Light,NCD,Water
3041,3654.339,Light,NCD,Water
3041,3878.719,Light,NCD,Water
3041,3080.372,Light,NCD,Water
3041,4973.347,Light,NCD,Water
3041,4354.959,Light,NCD,Water
3041,3244.215,Light,NCD,Water
3041,3358.678,Light,NCD,Water
3041,3840.496,Light,NCD,Water
3041,3814.669,Light,NCD,Water
3041,3870.248,Light,NCD,Water
3041,3660.124,Light,NCD,Water
3041,2867.355,Light,NCD,Water
3041,3834.917,Light,NCD,Water
3041,5703.926,Light,NCD,Water
3041,3719.008,Light,NCD,Water
3041,2904.752,Light,NCD,Water
3041,3805.165,Light,NCD,Water
3041,5457.645,Light,NCD,Water
3041,3233.678,Light,NCD,Water
3041,3354.545,Light,NCD,Water
3041,4103.306,Light,NCD,Water
3041,2219.835,Light,NCD,Water
3041,2977.066,Light,NCD,Water
3041,2848.76,Light,NCD,Water
3041,2918.802,Light,NCD,Water
3041,3182.231,Light,NCD,Water
3041,1917.562,Light,NCD,Water
3041,2606.405,Light,NCD,Water
3041,2987.81,Light,NCD,Water
3041,2140.909,Light,NCD,Water
3041,2209.917,Medium,NCD,Water
3041,2430.372,Medium,NCD,Water
3041,2240.496,Medium,NCD,Water
3041,2070.041,Medium,NCD,Water
3041,1899.174,Medium,NCD,Water
3041,2193.802,Medium,NCD,Water
3041,1948.14,Medium,NCD,Water
3041,2615.496,Medium,NCD,Water
3041,1988.017,Medium,NCD,Water
3041,2066.116,Medium,NCD,Water
3041,1728.099,Medium,NCD,Water
3041,1880.992,Medium,NCD,Water
3041,1929.752,Medium,NCD,Water
3041,1745.041,Medium,NCD,Water
3041,2111.364,Medium,NCD,Water
3041,1889.463,Medium,NCD,Water
3041,2446.488,Medium,NCD,Water
3041,2511.364,Medium,NCD,Water
3041,2425.62,Medium,NCD,Water
3041,1926.446,Medium,NCD,Water
3041,2867.355,Medium,NCD,Water
3041,1454.132,Medium,NCD,Water
3041,1668.182,Medium,NCD,Water
3041,1757.438,Medium,NCD,Water
3041,1726.86,Medium,NCD,Water
3041,1669.008,Medium,NCD,Water
3041,1383.058,Medium,NCD,Water
3041,1555.785,Medium,NCD,Water
3041,1439.05,Medium,NCD,Water
3041,1351.24,Medium,NCD,Water
3041,2429.752,Medium,NCD,Water
3041,1587.19,Medium,NCD,Water
3041,1747.314,Medium,NCD,Water
3041,1331.198,Medium,NCD,Water
3041,3072.107,Medium,NCD,Water
3041,2391.322,Medium,NCD,Water
3041,2264.669,Medium,NCD,Water
3041,2275,Medium,NCD,Water
3041,1842.149,Medium,NCD,Water
3041,2033.678,Medium,NCD,Water
3041,1951.033,Medium,NCD,Water
3041,2811.364,Medium,NCD,Water
3041,2571.281,Medium,NCD,Water
3041,1907.025,Medium,NCD,Water
3041,2106.818,Medium,NCD,Water
3041,655.372,Dark,NCD,Water
3041,578.926,Dark,NCD,Water
3041,1503.099,Dark,NCD,Water
3041,1200,Dark,NCD,Water
3041,2570.248,Dark,NCD,Water
3041,2028.306,Dark,NCD,Water
3041,1576.446,Dark,NCD,Water
3041,1871.281,Dark,NCD,Water
3041,894.421,Dark,NCD,Water
3041,1755.579,Dark,NCD,Water
3041,1624.174,Dark,NCD,Water
3041,2255.992,Dark,NCD,Water
3041,1388.843,Dark,NCD,Water
3048,2938.843,Light,NCD,Dex
3048,3327.273,Light,NCD,Dex
3048,4751.653,Light,NCD,Dex
3048,4755.579,Light,NCD,Dex
3048,4304.752,Light,NCD,Dex
3048,3161.57,Light,NCD,Dex
3048,3249.174,Light,NCD,Dex
3048,3141.322,Light,NCD,Dex
3048,3434.504,Light,NCD,Dex
3048,3160.331,Light,NCD,Dex
3048,3199.587,Light,NCD,Dex
3048,3162.19,Light,NCD,Dex
3048,3210.124,Light,NCD,Dex
3048,2858.678,Light,NCD,Dex
3048,2782.851,Light,NCD,Dex
3048,2415.909,Light,NCD,Dex
3048,2265.702,Light,NCD,Dex
3048,3180.579,Light,NCD,Dex
3048,2223.347,Light,NCD,Dex
3048,2477.273,Light,NCD,Dex
3048,3171.074,Light,NCD,Dex
3048,2995.041,Light,NCD,Dex
3048,1971.281,Light,NCD,Dex
3048,2251.24,Light,NCD,Dex
3048,3473.347,Light,NCD,Dex
3048,3520.248,Light,NCD,Dex
3048,3077.479,Light,NCD,Dex
3048,1306.405,Light,NCD,Dex
3048,3019.215,Light,NCD,Dex
3048,3487.81,Light,NCD,Dex
3048,2209.091,Light,NCD,Dex
3048,2902.686,Light,NCD,Dex
3048,2629.545,Light,NCD,Dex
3048,2648.347,Light,NCD,Dex
3048,3549.793,Light,NCD,Dex
3048,2720.661,Light,NCD,Dex
3048,2830.372,Light,NCD,Dex
3048,3809.711,Light,NCD,Dex
3048,4328.099,Light,NCD,Dex
3048,4099.587,Light,NCD,Dex
3048,3850,Light,NCD,Dex
3048,3709.504,Light,NCD,Dex
3048,4372.107,Light,NCD,Dex
3048,4761.777,Light,NCD,Dex
3048,3244.835,Light,NCD,Dex
3048,2532.231,Medium,NCD,Dex
3048,2502.686,Medium,NCD,Dex
3048,3110.124,Medium,NCD,Dex
3048,2819.628,Medium,NCD,Dex
3048,2744.215,Medium,NCD,Dex
3048,2898.967,Medium,NCD,Dex
3048,2923.554,Medium,NCD,Dex
3048,3748.967,Medium,NCD,Dex
3048,3247.934,Medium,NCD,Dex
3048,2311.57,Medium,NCD,Dex
3048,3004.752,Medium,NCD,Dex
3048,2962.397,Medium,NCD,Dex
3048,1076.033,Medium,NCD,Dex
3048,1372.314,Medium,NCD,Dex
3048,995.455,Medium,NCD,Dex
3048,1775.207,Medium,NCD,Dex
3048,2186.983,Medium,NCD,Dex
3048,1188.636,Medium,NCD,Dex
3048,1420.041,Medium,NCD,Dex
3048,1062.81,Medium,NCD,Dex
3048,2091.736,Medium,NCD,Dex
3048,990.289,Medium,NCD,Dex
3048,1641.942,Medium,NCD,Dex
3048,1591.736,Medium,NCD,Dex
3048,1492.975,Medium,NCD,Dex
3048,1913.843,Medium,NCD,Dex
3048,1371.281,Medium,NCD,Dex
3048,1089.463,Medium,NCD,Dex
3048,1993.182,Medium,NCD,Dex
3048,1478.306,Medium,NCD,Dex
3048,1845.868,Medium,NCD,Dex
3048,1452.686,Medium,NCD,Dex
3048,1616.736,Medium,NCD,Dex
3048,1964.256,Medium,NCD,Dex
3048,1631.198,Medium,NCD,Dex
3048,1255.579,Medium,NCD,Dex
3048,969.628,Medium,NCD,Dex
3048,1458.678,Medium,NCD,Dex
3048,787.603,Medium,NCD,Dex
3048,1160.95,Medium,NCD,Dex
3048,1765.496,Medium,NCD,Dex
3048,831.818,Medium,NCD,Dex
3048,1333.058,Medium,NCD,Dex
3048,775.62,Dark,NCD,Dex
3048,652.479,Dark,NCD,Dex
3048,683.884,Dark,NCD,Dex
3048,1146.488,Dark,NCD,Dex
3048,1122.314,Dark,NCD,Dex
3048,794.628,Dark,NCD,Dex
3048,940.702,Dark,NCD,Dex
3048,475.62,Dark,NCD,Dex
3048,914.05,Dark,NCD,Dex
3048,999.174,Dark,NCD,Dex
3048,855.785,Dark,NCD,Dex
3048,1551.446,Dark,NCD,Dex
3048,1331.405,Dark,NCD,Dex
3048,1872.107,Dark,NCD,Dex
3048,1592.355,Dark,NCD,Dex
3048,2216.322,Dark,NCD,Dex
3048,2249.174,Dark,NCD,Dex
3057,3010.124,Light,NCD,Dex
3057,3083.678,Light,NCD,Dex
3057,3108.264,Light,NCD,Dex
3057,2644.628,Light,NCD,Dex
3057,2865.289,Light,NCD,Dex
3057,1865.496,Light,NCD,Dex
3057,2644.008,Light,NCD,Dex
3057,3142.975,Light,NCD,Dex
3057,2836.983,Light,NCD,Dex
3057,2018.802,Light,NCD,Dex
3057,1797.727,Light,NCD,Dex
3057,1550.826,Light,NCD,Dex
3057,2261.983,Light,NCD,Dex
3057,2492.769,Light,NCD,Dex
3057,2426.653,Light,NCD,Dex
3057,2292.975,Light,NCD,Dex
3057,1808.678,Light,NCD,Dex
3057,2107.438,Light,NCD,Dex
3057,2694.421,Light,NCD,Dex
3057,1926.24,Light,NCD,Dex
3057,2679.752,Light,NCD,Dex
3057,2862.397,Light,NCD,Dex
3057,2833.264,Light,NCD,Dex
3057,2475.413,Light,NCD,Dex
3057,2929.339,Light,NCD,Dex
3057,3470.455,Light,NCD,Dex
3057,4167.769,Light,NCD,Dex
3057,3350.62,Light,NCD,Dex
3057,3350.62,Light,NCD,Dex
3057,2287.603,Light,NCD,Dex
3057,2780.165,Light,NCD,Dex
3057,2964.463,Light,NCD,Dex
3057,3472.521,Light,NCD,Dex
3057,3323.76,Light,NCD,Dex
3057,3220.868,Light,NCD,Dex
3057,3398.14,Light,NCD,Dex
3057,2766.529,Light,NCD,Dex
3057,3482.645,Light,NCD,Dex
3057,3411.777,Light,NCD,Dex
3057,2789.256,Light,NCD,Dex
3057,3602.686,Light,NCD,Dex
3057,3656.612,Light,NCD,Dex
3057,3713.636,Light,NCD,Dex
3057,3539.876,Light,NCD,Dex
3057,2847.314,Light,NCD,Dex
3057,2059.091,Light,NCD,Dex
3057,2791.942,Light,NCD,Dex
3057,3146.281,Light,NCD,Dex
3057,3803.512,Light,NCD,Dex
3057,1226.86,Medium,NCD,Dex
3057,1520.248,Medium,NCD,Dex
3057,833.058,Medium,NCD,Dex
3057,1298.14,Medium,NCD,Dex
3057,841.736,Medium,NCD,Dex
3057,1670.661,Medium,NCD,Dex
3057,1333.884,Medium,NCD,Dex
3057,1992.149,Medium,NCD,Dex
3057,1335.744,Medium,NCD,Dex
3057,1460.744,Medium,NCD,Dex
3057,1334.711,Medium,NCD,Dex
3057,1581.405,Medium,NCD,Dex
3057,1290.083,Medium,NCD,Dex
3057,1097.521,Medium,NCD,Dex
3057,1059.711,Medium,NCD,Dex
3057,1757.025,Medium,NCD,Dex
3057,1646.694,Medium,NCD,Dex
3057,1744.008,Medium,NCD,Dex
3057,1584.917,Medium,NCD,Dex
3057,1574.587,Medium,NCD,Dex
3057,1931.612,Medium,NCD,Dex
3057,1565.909,Medium,NCD,Dex
3057,1711.364,Medium,NCD,Dex
3057,1659.917,Medium,NCD,Dex
3057,1683.264,Medium,NCD,Dex
3057,1385.331,Medium,NCD,Dex
3057,1159.504,Medium,NCD,Dex
3057,1110.124,Medium,NCD,Dex
3057,1270.868,Medium,NCD,Dex
3057,1505.579,Medium,NCD,Dex
3057,1098.554,Medium,NCD,Dex
3057,1443.802,Medium,NCD,Dex
3057,1305.785,Medium,NCD,Dex
3057,1845.868,Medium,NCD,Dex
3057,1563.43,Medium,NCD,Dex
3057,1396.901,Medium,NCD,Dex
3057,1789.05,Medium,NCD,Dex
3057,1399.174,Medium,NCD,Dex
3057,1727.479,Medium,NCD,Dex
3057,1565.496,Medium,NCD,Dex
3057,1254.959,Medium,NCD,Dex
3057,1044.835,Dark,NCD,Dex
3057,856.612,Dark,NCD,Dex
3057,1098.554,Dark,NCD,Dex
3057,998.76,Dark,NCD,Dex
3057,978.512,Dark,NCD,Dex
3057,794.008,Dark,NCD,Dex
3057,1100.207,Dark,NCD,Dex
3057,915.702,Dark,NCD,Dex
3057,1589.669,Dark,NCD,Dex
3057,1127.479,Dark,NCD,Dex
3057,1016.529,Dark,NCD,Dex
3057,1296.488,Dark,NCD,Dex
3057,712.19,Dark,NCD,Dex
3057,1072.314,Dark,NCD,Dex
3057,940.702,Dark,NCD,Dex
3057,1270.868,Dark,NCD,Dex
3057,1278.719,Dark,NCD,Dex
3057,1530.372,Dark,NCD,Dex
3057,1253.512,Dark,NCD,Dex
3057,1395.455,Dark,NCD,Dex
3057,1212.603,Dark,NCD,Dex
3057,1261.157,Dark,NCD,Dex
3057,807.438,Dark,NCD,Dex
3057,647.934,Dark,NCD,Dex
3057,1100.826,Dark,NCD,Dex
3057,1080.785,Dark,NCD,Dex
3057,1341.116,Dark,NCD,Dex
3057,1507.851,Dark,NCD,Dex
3057,1328.099,Dark,NCD,Dex
3057,1155.165,Dark,NCD,Dex
3057,1146.488,Dark,NCD,Dex
3057,1096.694,Dark,NCD,Dex
3057,1411.364,Dark,NCD,Dex
3057,1411.364,Dark,NCD,Dex
3057,959.917,Dark,NCD,Dex
3057,1136.157,Dark,NCD,Dex
3058,3071.901,Light,NCD,Dex
3058,2849.174,Light,NCD,Dex
3058,3301.86,Light,NCD,Dex
3058,2989.876,Light,NCD,Dex
3058,1947.934,Light,NCD,Dex
3058,2414.463,Light,NCD,Dex
3058,2509.298,Light,NCD,Dex
3058,1886.157,Light,NCD,Dex
3058,2368.388,Light,NCD,Dex
3058,2379.545,Light,NCD,Dex
3058,2445.248,Light,NCD,Dex
3058,2320.248,Light,NCD,Dex
3058,2332.645,Light,NCD,Dex
3058,2904.752,Light,NCD,Dex
3058,2255.992,Light,NCD,Dex
3058,1461.777,Light,NCD,Dex
3058,2365.289,Light,NCD,Dex
3058,2004.959,Light,NCD,Dex
3058,2376.033,Light,NCD,Dex
3058,2513.636,Light,NCD,Dex
3058,2111.777,Light,NCD,Dex
3058,2866.736,Light,NCD,Dex
3058,2685.95,Light,NCD,Dex
3058,2825.413,Light,NCD,Dex
3058,1503.926,Light,NCD,Dex
3058,3017.562,Light,NCD,Dex
3058,2423.347,Light,NCD,Dex
3058,2759.711,Light,NCD,Dex
3058,2027.893,Light,NCD,Dex
3058,3361.983,Light,NCD,Dex
3058,2266.529,Light,NCD,Dex
3058,2286.777,Light,NCD,Dex
3058,2813.843,Light,NCD,Dex
3058,2695.248,Light,NCD,Dex
3058,2929.545,Light,NCD,Dex
3058,2392.149,Light,NCD,Dex
3058,3052.066,Light,NCD,Dex
3058,3588.017,Light,NCD,Dex
3058,2159.298,Light,NCD,Dex
3058,1942.769,Light,NCD,Dex
3058,1400.826,Medium,NCD,Dex
3058,1359.711,Medium,NCD,Dex
3058,1274.793,Medium,NCD,Dex
3058,1015.909,Medium,NCD,Dex
3058,1313.636,Medium,NCD,Dex
3058,759.504,Medium,NCD,Dex
3058,1083.884,Medium,NCD,Dex
3058,1209.711,Medium,NCD,Dex
3058,1176.653,Medium,NCD,Dex
3058,1446.074,Medium,NCD,Dex
3058,1095.455,Medium,NCD,Dex
3058,1691.529,Medium,NCD,Dex
3058,1416.942,Medium,NCD,Dex
3058,1092.769,Medium,NCD,Dex
3058,1739.669,Medium,NCD,Dex
3058,1225.413,Medium,NCD,Dex
3058,1301.033,Medium,NCD,Dex
3058,998.76,Medium,NCD,Dex
3058,999.793,Medium,NCD,Dex
3058,1299.38,Medium,NCD,Dex
3058,1614.876,Medium,NCD,Dex
3058,1160.744,Medium,NCD,Dex
3058,1140.289,Medium,NCD,Dex
3058,1022.107,Medium,NCD,Dex
3058,1326.446,Medium,NCD,Dex
3058,1143.802,Medium,NCD,Dex
3058,1070.041,Medium,NCD,Dex
3058,1345.041,Medium,NCD,Dex
3058,1062.19,Medium,NCD,Dex
3058,915.289,Medium,NCD,Dex
3058,1225.826,Medium,NCD,Dex
3058,1031.818,Medium,NCD,Dex
3058,1012.19,Medium,NCD,Dex
3058,1448.554,Medium,NCD,Dex
3058,1239.876,Medium,NCD,Dex
3058,1534.091,Medium,NCD,Dex
3058,1409.091,Medium,NCD,Dex
3058,1417.562,Medium,NCD,Dex
3058,1672.934,Medium,NCD,Dex
3058,847.727,Dark,NCD,Dex
3058,973.76,Dark,NCD,Dex
3058,1410.124,Dark,NCD,Dex
3058,899.38,Dark,NCD,Dex
3058,1485.124,Dark,NCD,Dex
3058,1159.091,Dark,NCD,Dex
3058,1200.62,Dark,NCD,Dex
3058,1236.157,Dark,NCD,Dex
3058,1226.033,Dark,NCD,Dex
3058,1318.182,Dark,NCD,Dex
3058,1291.322,Dark,NCD,Dex
3058,1029.339,Dark,NCD,Dex
3058,1183.678,Dark,NCD,Dex
3058,1333.471,Dark,NCD,Dex
3058,930.992,Dark,NCD,Dex
3058,626.86,Dark,NCD,Dex
3058,1557.231,Dark,NCD,Dex
3058,1877.066,Dark,NCD,Dex
3058,1318.388,Dark,NCD,Dex