"","animal.id","animal.MouseID","age","values","assay.assay","Dexamethasone","Treatment"
"7237",6642,414,60,"21200","Body Weight",FALSE,"Water"
"7238",6642,414,60,"2840","Total Fat Mass",FALSE,"Water"
"7239",6642,414,60,"17360","Lean Mass",FALSE,"Water"
"7240",6642,414,64,"22000","Body Weight",FALSE,"Water"
"7241",6642,414,70,"2410","Total Fat Mass",FALSE,"Water"
"7242",6642,414,70,"19310","Lean Mass",FALSE,"Water"
"7243",6642,414,70,"21540","Body Weight",FALSE,"Water"
"7244",6642,414,77,"23800","Body Weight",FALSE,"Water"
"7245",6642,414,77,"2110","Total Fat Mass",FALSE,"Water"
"7246",6642,414,77,"21190","Lean Mass",FALSE,"Water"
"7247",6642,414,84,"26200","Body Weight",FALSE,"Water"
"7248",6642,414,84,"2350","Total Fat Mass",FALSE,"Water"
"7249",6642,414,84,"23010","Lean Mass",FALSE,"Water"
"7250",6642,414,91,"26900","Body Weight",FALSE,"Water"
"7251",6642,414,91,"1950","Total Fat Mass",FALSE,"Water"
"7252",6642,414,91,"24030","Lean Mass",FALSE,"Water"
"7253",6642,414,98,"26300","Body Weight",FALSE,"Water"
"7254",6642,414,98,"1960","Total Fat Mass",FALSE,"Water"
"7255",6642,414,98,"23750","Lean Mass",FALSE,"Water"
"7256",6642,414,95,"1810,2080,2250,1940,2110","Grip Strength (4 Paw)",FALSE,"Water"
"7257",6642,414,105,"27600","Body Weight",FALSE,"Water"
"7258",6642,414,105,"2310","Total Fat Mass",FALSE,"Water"
"7259",6642,414,105,"24590","Lean Mass",FALSE,"Water"
"7260",6642,414,112,"28300","Body Weight",FALSE,"Water"
"7261",6642,414,112,"2550","Total Fat Mass",FALSE,"Water"
"7262",6642,414,112,"24980","Lean Mass",FALSE,"Water"
"7263",6642,414,119,"28600","Body Weight",FALSE,"Water"
"7264",6642,414,119,"2810","Total Fat Mass",FALSE,"Water"
"7265",6642,414,119,"24960","Lean Mass",FALSE,"Water"
"7266",6642,414,126,"28400","Body Weight",FALSE,"Water"
"7267",6642,414,126,"2490,2710,2470,2720,2370","Grip Strength (4 Paw)",FALSE,"Water"
"7268",6642,414,126,"2820","Total Fat Mass",FALSE,"Water"
"7269",6642,414,126,"24700","Lean Mass",FALSE,"Water"
"7270",6642,414,133,"29400","Body Weight",FALSE,"Water"
"7271",6642,414,133,"3210","Total Fat Mass",FALSE,"Water"
"7272",6642,414,133,"25280","Lean Mass",FALSE,"Water"
"7273",6642,414,140,"30400","Body Weight",FALSE,"Water"
"7274",6642,414,140,"3520","Total Fat Mass",FALSE,"Water"
"7275",6642,414,140,"25870","Lean Mass",FALSE,"Water"
"7276",6642,414,147,"30800","Body Weight",FALSE,"Water"
"7277",6642,414,147,"3560","Total Fat Mass",FALSE,"Water"
"7278",6642,414,147,"25790","Lean Mass",FALSE,"Water"
"7279",6642,414,154,"29200","Body Weight",FALSE,"Water"
"7280",6642,414,154,"165,108,79,81,64,66,96,83,97","Plasma Glucose",FALSE,"Water"
"7281",6642,414,151,"30900","Body Weight",FALSE,"Water"
"7282",6642,414,158,"2810,2870,3320,3190,2980","Grip Strength (4 Paw)",FALSE,"Water"
"7283",6644,415,60,"19500","Body Weight",FALSE,"Water"
"7284",6644,415,60,"1790","Total Fat Mass",FALSE,"Water"
"7285",6644,415,60,"16950","Lean Mass",FALSE,"Water"
"7286",6644,415,64,"20100","Body Weight",FALSE,"Water"
"7287",6644,415,70,"1320","Total Fat Mass",FALSE,"Water"
"7288",6644,415,70,"19210","Lean Mass",FALSE,"Water"
"7289",6644,415,70,"22240","Body Weight",FALSE,"Water"
"7290",6644,415,77,"22100","Body Weight",FALSE,"Water"
"7291",6644,415,77,"1200","Total Fat Mass",FALSE,"Water"
"7292",6644,415,84,"23700","Body Weight",FALSE,"Water"
"7293",6644,415,84,"1630","Total Fat Mass",FALSE,"Water"
"7294",6644,415,84,"21270","Lean Mass",FALSE,"Water"
"7295",6644,415,91,"24100","Body Weight",FALSE,"Water"
"7296",6644,415,91,"1340","Total Fat Mass",FALSE,"Water"
"7297",6644,415,98,"25200","Body Weight",FALSE,"Water"
"7298",6644,415,98,"1630","Total Fat Mass",FALSE,"Water"
"7299",6644,415,98,"22830","Lean Mass",FALSE,"Water"
"7300",6644,415,95,"1900,1760,1630,1830,2020","Grip Strength (4 Paw)",FALSE,"Water"
"7301",6644,415,105,"25600","Body Weight",FALSE,"Water"
"7302",6644,415,105,"1570","Total Fat Mass",FALSE,"Water"
"7303",6644,415,105,"23470","Lean Mass",FALSE,"Water"
"7304",6644,415,112,"26500","Body Weight",FALSE,"Water"
"7305",6644,415,112,"1500","Total Fat Mass",FALSE,"Water"
"7306",6644,415,112,"24170","Lean Mass",FALSE,"Water"
"7307",6644,415,119,"27800","Body Weight",FALSE,"Water"
"7308",6644,415,119,"1740","Total Fat Mass",FALSE,"Water"
"7309",6644,415,119,"24920","Lean Mass",FALSE,"Water"
"7310",6644,415,126,"27400","Body Weight",FALSE,"Water"
"7311",6644,415,126,"1640,2000,1950,1800,2230","Grip Strength (4 Paw)",FALSE,"Water"
"7312",6644,415,126,"1770","Total Fat Mass",FALSE,"Water"
"7313",6644,415,126,"25070","Lean Mass",FALSE,"Water"
"7314",6644,415,133,"27700","Body Weight",FALSE,"Water"
"7315",6644,415,133,"1940","Total Fat Mass",FALSE,"Water"
"7316",6644,415,133,"24740","Lean Mass",FALSE,"Water"
"7317",6644,415,140,"28700","Body Weight",FALSE,"Water"
"7318",6644,415,140,"2180","Total Fat Mass",FALSE,"Water"
"7319",6644,415,140,"24990","Lean Mass",FALSE,"Water"
"7320",6644,415,147,"28500","Body Weight",FALSE,"Water"
"7321",6644,415,147,"1770","Total Fat Mass",FALSE,"Water"
"7322",6644,415,147,"25810","Lean Mass",FALSE,"Water"
"7323",6644,415,154,"27800","Body Weight",FALSE,"Water"
"7324",6644,415,154,"155,91,70,54,63,70,66,77,101","Plasma Glucose",FALSE,"Water"
"7325",6644,415,151,"28700","Body Weight",FALSE,"Water"
"7326",6644,415,158,"2820,2960,2620,2780,2120","Grip Strength (4 Paw)",FALSE,"Water"
"7327",6645,416,60,"2510","Total Fat Mass",FALSE,"Water"
"7328",6645,416,60,"17800","Lean Mass",FALSE,"Water"
"7329",6645,416,60,"21200","Body Weight",FALSE,"Water"
"7330",6645,416,64,"22400","Body Weight",FALSE,"Water"
"7331",6645,416,70,"2090","Total Fat Mass",FALSE,"Water"
"7332",6645,416,70,"20170","Lean Mass",FALSE,"Water"
"7333",6645,416,70,"22120","Body Weight",FALSE,"Water"
"7334",6645,416,77,"24000","Body Weight",FALSE,"Water"
"7335",6645,416,77,"1850","Total Fat Mass",FALSE,"Water"
"7336",6645,416,77,"21390","Lean Mass",FALSE,"Water"
"7337",6645,416,84,"25400","Body Weight",FALSE,"Water"
"7338",6645,416,84,"1820","Total Fat Mass",FALSE,"Water"
"7339",6645,416,84,"22860","Lean Mass",FALSE,"Water"
"7340",6645,416,91,"25700","Body Weight",FALSE,"Water"
"7341",6645,416,91,"1820","Total Fat Mass",FALSE,"Water"
"7342",6645,416,91,"22880","Lean Mass",FALSE,"Water"
"7343",6645,416,98,"26100","Body Weight",FALSE,"Water"
"7344",6645,416,98,"1580","Total Fat Mass",FALSE,"Water"
"7345",6645,416,98,"23590","Lean Mass",FALSE,"Water"
"7346",6645,416,95,"2100,2040,2330,2070,2390","Grip Strength (4 Paw)",FALSE,"Water"
"7347",6645,416,105,"26400","Body Weight",FALSE,"Water"
"7348",6645,416,105,"1760","Total Fat Mass",FALSE,"Water"
"7349",6645,416,105,"23970","Lean Mass",FALSE,"Water"
"7350",6645,416,112,"28200","Body Weight",FALSE,"Water"
"7351",6645,416,112,"1950","Total Fat Mass",FALSE,"Water"
"7352",6645,416,112,"25530","Lean Mass",FALSE,"Water"
"7353",6645,416,119,"28400","Body Weight",FALSE,"Water"
"7354",6645,416,119,"1930","Total Fat Mass",FALSE,"Water"
"7355",6645,416,119,"25470","Lean Mass",FALSE,"Water"
"7356",6645,416,126,"28100","Body Weight",FALSE,"Water"
"7357",6645,416,126,"2710,2660,2490,1750,2640","Grip Strength (4 Paw)",FALSE,"Water"
"7358",6645,416,126,"1680","Total Fat Mass",FALSE,"Water"
"7359",6645,416,126,"25400","Lean Mass",FALSE,"Water"
"7360",6645,416,133,"28300","Body Weight",FALSE,"Water"
"7361",6645,416,133,"2020","Total Fat Mass",FALSE,"Water"
"7362",6645,416,133,"25360","Lean Mass",FALSE,"Water"
"7363",6645,416,140,"29200","Body Weight",FALSE,"Water"
"7364",6645,416,140,"2040","Total Fat Mass",FALSE,"Water"
"7365",6645,416,140,"25850","Lean Mass",FALSE,"Water"
"7366",6645,416,147,"28900","Body Weight",FALSE,"Water"
"7367",6645,416,147,"1940","Total Fat Mass",FALSE,"Water"
"7368",6645,416,147,"26140","Lean Mass",FALSE,"Water"
"7369",6645,416,154,"28000","Body Weight",FALSE,"Water"
"7370",6645,416,154,"131,98,111,73,62,67,88,64,76","Plasma Glucose",FALSE,"Water"
"7371",6645,416,151,"29400","Body Weight",FALSE,"Water"
"7372",6645,416,158,"2760,3190,2900,2700,2680","Grip Strength (4 Paw)",FALSE,"Water"
"7373",6646,417,60,"18810","Lean Mass",FALSE,"Water"
"7374",6646,417,60,"1930","Total Fat Mass",FALSE,"Water"
"7375",6646,417,60,"21500","Body Weight",FALSE,"Water"
"7376",6646,417,64,"22300","Body Weight",FALSE,"Water"
"7377",6646,417,70,"1980","Total Fat Mass",FALSE,"Water"
"7378",6646,417,70,"19240","Lean Mass",FALSE,"Water"
"7379",6646,417,70,"23050","Body Weight",FALSE,"Water"
"7380",6646,417,77,"22900","Body Weight",FALSE,"Water"
"7381",6646,417,77,"20410","Lean Mass",FALSE,"Water"
"7382",6646,417,77,"1910","Total Fat Mass",FALSE,"Water"
"7383",6646,417,84,"23700","Body Weight",FALSE,"Water"
"7384",6646,417,84,"1940","Total Fat Mass",FALSE,"Water"
"7385",6646,417,84,"21180","Lean Mass",FALSE,"Water"
"7386",6646,417,91,"24100","Body Weight",FALSE,"Water"
"7387",6646,417,91,"21640","Lean Mass",FALSE,"Water"
"7388",6646,417,91,"1950","Total Fat Mass",FALSE,"Water"
"7389",6646,417,98,"24900","Body Weight",FALSE,"Water"
"7390",6646,417,98,"2520","Total Fat Mass",FALSE,"Water"
"7391",6646,417,98,"21790","Lean Mass",FALSE,"Water"
"7392",6646,417,95,"1930,1480,1960,1700,1520","Grip Strength (4 Paw)",FALSE,"Water"
"7393",6646,417,105,"24800","Body Weight",FALSE,"Water"
"7394",6646,417,105,"2430","Total Fat Mass",FALSE,"Water"
"7395",6646,417,105,"21580","Lean Mass",FALSE,"Water"
"7396",6646,417,112,"26000","Body Weight",FALSE,"Water"
"7397",6646,417,112,"2730","Total Fat Mass",FALSE,"Water"
"7398",6646,417,112,"22740","Lean Mass",FALSE,"Water"
"7399",6646,417,119,"26600","Body Weight",FALSE,"Water"
"7400",6646,417,119,"2930","Total Fat Mass",FALSE,"Water"
"7401",6646,417,119,"22810","Lean Mass",FALSE,"Water"
"7402",6646,417,126,"26900","Body Weight",FALSE,"Water"
"7403",6646,417,126,"2170,2370,2430,2260,2430","Grip Strength (4 Paw)",FALSE,"Water"
"7404",6646,417,126,"2950","Total Fat Mass",FALSE,"Water"
"7405",6646,417,126,"23030","Lean Mass",FALSE,"Water"
"7406",6646,417,133,"26700","Body Weight",FALSE,"Water"
"7407",6646,417,133,"22630","Lean Mass",FALSE,"Water"
"7408",6646,417,133,"3430","Total Fat Mass",FALSE,"Water"
"7409",6646,417,140,"27900","Body Weight",FALSE,"Water"
"7410",6646,417,140,"3660","Total Fat Mass",FALSE,"Water"
"7411",6646,417,140,"23010","Lean Mass",FALSE,"Water"
"7412",6646,417,147,"28300","Body Weight",FALSE,"Water"
"7413",6646,417,147,"3800","Total Fat Mass",FALSE,"Water"
"7414",6646,417,147,"23600","Lean Mass",FALSE,"Water"
"7415",6646,417,154,"27300","Body Weight",FALSE,"Water"
"7416",6646,417,154,"134,116,106,112,94,82,86,86,89","Plasma Glucose",FALSE,"Water"
"7417",6646,417,151,"28800","Body Weight",FALSE,"Water"
"7418",6646,417,158,"2500,2840,2540,2630,2350","Grip Strength (4 Paw)",FALSE,"Water"
"7419",6647,410,60,"1640","Total Fat Mass",FALSE,"Water"
"7420",6647,410,60,"16830","Lean Mass",FALSE,"Water"
"7421",6647,410,60,"21800","Body Weight",FALSE,"Water"
"7422",6647,410,64,"22600","Body Weight",FALSE,"Water"
"7423",6647,410,70,"960","Total Fat Mass",FALSE,"Water"
"7424",6647,410,70,"18360","Lean Mass",FALSE,"Water"
"7425",6647,410,70,"23560","Body Weight",FALSE,"Water"
"7426",6647,410,77,"23300","Body Weight",FALSE,"Water"
"7427",6647,410,77,"1050","Total Fat Mass",FALSE,"Water"
"7428",6647,410,77,"19830","Lean Mass",FALSE,"Water"
"7429",6647,410,84,"24700","Body Weight",FALSE,"Water"
"7430",6647,410,84,"1290","Total Fat Mass",FALSE,"Water"
"7431",6647,410,84,"20800","Lean Mass",FALSE,"Water"
"7432",6647,410,91,"25800","Body Weight",FALSE,"Water"
"7433",6647,410,91,"1500","Total Fat Mass",FALSE,"Water"
"7434",6647,410,91,"21530","Lean Mass",FALSE,"Water"
"7435",6647,410,98,"25900","Body Weight",FALSE,"Water"
"7436",6647,410,98,"1630","Total Fat Mass",FALSE,"Water"
"7437",6647,410,98,"21290","Lean Mass",FALSE,"Water"
"7438",6647,410,95,"1790,1850,2370,2000,1890","Grip Strength (4 Paw)",FALSE,"Water"
"7439",6647,410,105,"26500","Body Weight",FALSE,"Water"
"7440",6647,410,105,"1620","Total Fat Mass",FALSE,"Water"
"7441",6647,410,105,"21400","Lean Mass",FALSE,"Water"
"7442",6647,410,112,"27700","Body Weight",FALSE,"Water"
"7443",6647,410,112,"1670","Total Fat Mass",FALSE,"Water"
"7444",6647,410,112,"22150","Lean Mass",FALSE,"Water"
"7445",6647,410,119,"28900","Body Weight",FALSE,"Water"
"7446",6647,410,119,"1390","Total Fat Mass",FALSE,"Water"
"7447",6647,410,119,"22620","Lean Mass",FALSE,"Water"
"7448",6647,410,126,"29100","Body Weight",FALSE,"Water"
"7449",6647,410,126,"2740,2660,2400,2320,2470","Grip Strength (4 Paw)",FALSE,"Water"
"7450",6647,410,126,"1090","Total Fat Mass",FALSE,"Water"
"7451",6647,410,126,"22420","Lean Mass",FALSE,"Water"
"7452",6647,410,133,"28900","Body Weight",FALSE,"Water"
"7453",6647,410,133,"1160","Total Fat Mass",FALSE,"Water"
"7454",6647,410,133,"21870","Lean Mass",FALSE,"Water"
"7455",6647,410,140,"30200","Body Weight",FALSE,"Water"
"7456",6647,410,140,"1280","Total Fat Mass",FALSE,"Water"
"7457",6647,410,140,"22860","Lean Mass",FALSE,"Water"
"7458",6647,410,147,"30400","Body Weight",FALSE,"Water"
"7459",6647,410,147,"1570","Total Fat Mass",FALSE,"Water"
"7460",6647,410,147,"22480","Lean Mass",FALSE,"Water"
"7461",6647,410,154,"29300","Body Weight",FALSE,"Water"
"7462",6647,410,154,"178,154,160","Plasma Glucose",FALSE,"Water"
"7463",6647,410,151,"30200","Body Weight",FALSE,"Water"
"7464",6648,411,60,"19900","Body Weight",FALSE,"Water"
"7465",6648,411,60,"2130","Total Fat Mass",FALSE,"Water"
"7466",6648,411,60,"17140","Lean Mass",FALSE,"Water"
"7467",6648,411,64,"19800","Body Weight",FALSE,"Water"
"7468",6648,411,70,"2150","Total Fat Mass",FALSE,"Water"
"7469",6648,411,70,"17690","Lean Mass",FALSE,"Water"
"7470",6648,411,70,"24040","Body Weight",FALSE,"Water"
"7471",6648,411,77,"20600","Body Weight",FALSE,"Water"
"7472",6648,411,77,"2280","Total Fat Mass",FALSE,"Water"
"7473",6648,411,77,"17680","Lean Mass",FALSE,"Water"
"7474",6648,411,84,"21300","Body Weight",FALSE,"Water"
"7475",6648,411,84,"2510","Total Fat Mass",FALSE,"Water"
"7476",6648,411,84,"18280","Lean Mass",FALSE,"Water"
"7477",6648,411,91,"21600","Body Weight",FALSE,"Water"
"7478",6648,411,91,"2470","Total Fat Mass",FALSE,"Water"
"7479",6648,411,91,"18660","Lean Mass",FALSE,"Water"
"7480",6648,411,98,"22100","Body Weight",FALSE,"Water"
"7481",6648,411,98,"2670","Total Fat Mass",FALSE,"Water"
"7482",6648,411,98,"19100","Lean Mass",FALSE,"Water"
"7483",6648,411,95,"2080,2080,1850,1980,1910","Grip Strength (4 Paw)",FALSE,"Water"
"7484",6648,411,105,"21700","Body Weight",FALSE,"Water"
"7485",6648,411,105,"2490","Total Fat Mass",FALSE,"Water"
"7486",6648,411,105,"18740","Lean Mass",FALSE,"Water"
"7487",6648,411,112,"22400","Body Weight",FALSE,"Water"
"7488",6648,411,112,"2580","Total Fat Mass",FALSE,"Water"
"7489",6648,411,112,"19070","Lean Mass",FALSE,"Water"
"7490",6648,411,119,"22600","Body Weight",FALSE,"Water"
"7491",6648,411,119,"2770","Total Fat Mass",FALSE,"Water"
"7492",6648,411,119,"18860","Lean Mass",FALSE,"Water"
"7493",6648,411,126,"22200","Body Weight",FALSE,"Water"
"7494",6648,411,126,"1930,2180,2160,2160,2410","Grip Strength (4 Paw)",FALSE,"Water"
"7495",6648,411,126,"2550","Total Fat Mass",FALSE,"Water"
"7496",6648,411,126,"18980","Lean Mass",FALSE,"Water"
"7497",6648,411,133,"22800","Body Weight",FALSE,"Water"
"7498",6648,411,133,"3190","Total Fat Mass",FALSE,"Water"
"7499",6648,411,133,"19220","Lean Mass",FALSE,"Water"
"7500",6648,411,140,"27100","Body Weight",FALSE,"Water"
"7501",6648,411,140,"2690","Total Fat Mass",FALSE,"Water"
"7502",6648,411,140,"23320","Lean Mass",FALSE,"Water"
"7503",6648,411,147,"23800","Body Weight",FALSE,"Water"
"7504",6648,411,147,"3310","Total Fat Mass",FALSE,"Water"
"7505",6648,411,147,"19740","Lean Mass",FALSE,"Water"
"7506",6648,411,154,"23200","Body Weight",FALSE,"Water"
"7507",6648,411,154,"174,182,80,62,61,72,91,88,98","Plasma Glucose",FALSE,"Water"
"7508",6648,411,151,"24100","Body Weight",FALSE,"Water"
"7509",6648,411,158,"2190,2790,2830,2540,2260","Grip Strength (4 Paw)",FALSE,"Water"
"7510",6649,412,60,"23300","Body Weight",FALSE,"Water"
"7511",6649,412,60,"19340","Lean Mass",FALSE,"Water"
"7512",6649,412,60,"3030","Total Fat Mass",FALSE,"Water"
"7513",6649,412,64,"23700","Body Weight",FALSE,"Water"
"7514",6649,412,70,"2660","Total Fat Mass",FALSE,"Water"
"7515",6649,412,70,"20670","Lean Mass",FALSE,"Water"
"7516",6649,412,70,"20460","Body Weight",FALSE,"Water"
"7517",6649,412,77,"24300","Body Weight",FALSE,"Water"
"7518",6649,412,77,"2480","Total Fat Mass",FALSE,"Water"
"7519",6649,412,77,"21110","Lean Mass",FALSE,"Water"
"7520",6649,412,84,"25000","Body Weight",FALSE,"Water"
"7521",6649,412,84,"2510","Total Fat Mass",FALSE,"Water"
"7522",6649,412,84,"21770","Lean Mass",FALSE,"Water"
"7523",6649,412,91,"24800","Body Weight",FALSE,"Water"
"7524",6649,412,91,"2600","Total Fat Mass",FALSE,"Water"
"7525",6649,412,91,"21540","Lean Mass",FALSE,"Water"
"7526",6649,412,98,"26300","Body Weight",FALSE,"Water"
"7527",6649,412,98,"2910","Total Fat Mass",FALSE,"Water"
"7528",6649,412,98,"22630","Lean Mass",FALSE,"Water"
"7529",6649,412,95,"1890,2660,1810,1960,1840","Grip Strength (4 Paw)",FALSE,"Water"
"7530",6649,412,95,"1890,2660,1810,1960,1840","Grip Strength (4 Paw)",FALSE,"Water"
"7531",6649,412,105,"26000","Body Weight",FALSE,"Water"
"7532",6649,412,105,"2790","Total Fat Mass",FALSE,"Water"
"7533",6649,412,105,"22620","Lean Mass",FALSE,"Water"
"7534",6649,412,112,"26900","Body Weight",FALSE,"Water"
"7535",6649,412,112,"3100","Total Fat Mass",FALSE,"Water"
"7536",6649,412,112,"23300","Lean Mass",FALSE,"Water"
"7537",6649,412,119,"26600","Body Weight",FALSE,"Water"
"7538",6649,412,119,"3060","Total Fat Mass",FALSE,"Water"
"7539",6649,412,119,"22590","Lean Mass",FALSE,"Water"
"7540",6649,412,126,"26800","Body Weight",FALSE,"Water"
"7541",6649,412,126,"2510,2370,2980,2640,2320","Grip Strength (4 Paw)",FALSE,"Water"
"7542",6649,412,126,"3210","Total Fat Mass",FALSE,"Water"
"7543",6649,412,126,"22390","Lean Mass",FALSE,"Water"
"7544",6649,412,133,"27400","Body Weight",FALSE,"Water"
"7545",6649,412,133,"3700","Total Fat Mass",FALSE,"Water"
"7546",6649,412,133,"22750","Lean Mass",FALSE,"Water"
"7547",6649,412,140,"28200","Body Weight",FALSE,"Water"
"7548",6649,412,140,"3590","Total Fat Mass",FALSE,"Water"
"7549",6649,412,140,"23360","Lean Mass",FALSE,"Water"
"7550",6649,412,147,"28300","Body Weight",FALSE,"Water"
"7551",6649,412,147,"3970","Total Fat Mass",FALSE,"Water"
"7552",6649,412,147,"23370","Lean Mass",FALSE,"Water"
"7553",6649,412,154,"27600","Body Weight",FALSE,"Water"
"7554",6649,412,154,"130,132,105,73,67,71,89,99,95","Plasma Glucose",FALSE,"Water"
"7555",6649,412,151,"28000","Body Weight",FALSE,"Water"
"7556",6649,412,158,"3340,2420,2960,2520,2810","Grip Strength (4 Paw)",FALSE,"Water"
"7557",6650,413,60,"21100","Body Weight",FALSE,"Water"
"7558",6650,413,60,"2350","Total Fat Mass",FALSE,"Water"
"7559",6650,413,60,"17550","Lean Mass",FALSE,"Water"
"7560",6650,413,64,"21300","Body Weight",FALSE,"Water"
"7561",6650,413,70,"1980","Total Fat Mass",FALSE,"Water"
"7562",6650,413,70,"19860","Lean Mass",FALSE,"Water"
"7563",6650,413,70,"22360","Body Weight",FALSE,"Water"
"7564",6650,413,77,"22200","Body Weight",FALSE,"Water"
"7565",6650,413,77,"2010","Total Fat Mass",FALSE,"Water"
"7566",6650,413,77,"19330","Lean Mass",FALSE,"Water"
"7567",6650,413,84,"23400","Body Weight",FALSE,"Water"
"7568",6650,413,84,"2130","Total Fat Mass",FALSE,"Water"
"7569",6650,413,84,"20460","Lean Mass",FALSE,"Water"
"7570",6650,413,91,"24300","Body Weight",FALSE,"Water"
"7571",6650,413,91,"2340","Total Fat Mass",FALSE,"Water"
"7572",6650,413,91,"20950","Lean Mass",FALSE,"Water"
"7573",6650,413,98,"24900","Body Weight",FALSE,"Water"
"7574",6650,413,98,"2350","Total Fat Mass",FALSE,"Water"
"7575",6650,413,98,"21720","Lean Mass",FALSE,"Water"
"7576",6650,413,95,"2040,1700,1560,1820,1640","Grip Strength (4 Paw)",FALSE,"Water"
"7577",6650,413,105,"25600","Body Weight",FALSE,"Water"
"7578",6650,413,105,"2680","Total Fat Mass",FALSE,"Water"
"7579",6650,413,105,"22330","Lean Mass",FALSE,"Water"
"7580",6650,413,112,"26100","Body Weight",FALSE,"Water"
"7581",6650,413,112,"2310","Total Fat Mass",FALSE,"Water"
"7582",6650,413,112,"23360","Lean Mass",FALSE,"Water"
"7583",6650,413,119,"25700","Body Weight",FALSE,"Water"
"7584",6650,413,119,"2160","Total Fat Mass",FALSE,"Water"
"7585",6650,413,119,"22540","Lean Mass",FALSE,"Water"
"7586",6650,413,126,"26200","Body Weight",FALSE,"Water"
"7587",6650,413,126,"2650,2180,2630,1830,2910","Grip Strength (4 Paw)",FALSE,"Water"
"7588",6650,413,126,"2020","Total Fat Mass",FALSE,"Water"
"7589",6650,413,126,"22810","Lean Mass",FALSE,"Water"
"7590",6650,413,133,"27000","Body Weight",FALSE,"Water"
"7591",6650,413,133,"2610","Total Fat Mass",FALSE,"Water"
"7592",6650,413,133,"23330","Lean Mass",FALSE,"Water"
"7593",6650,413,140,"23900","Body Weight",FALSE,"Water"
"7594",6650,413,140,"3510","Total Fat Mass",FALSE,"Water"
"7595",6650,413,140,"19520","Lean Mass",FALSE,"Water"
"7596",6650,413,147,"27500","Body Weight",FALSE,"Water"
"7597",6650,413,147,"2690","Total Fat Mass",FALSE,"Water"
"7598",6650,413,147,"23550","Lean Mass",FALSE,"Water"
"7599",6650,413,154,"26800","Body Weight",FALSE,"Water"
"7600",6650,413,154,"167,139,103,73,82,96,88,94,106","Plasma Glucose",FALSE,"Water"
"7601",6650,413,151,"27300","Body Weight",FALSE,"Water"
"7602",6650,413,158,"2520,3030,2850,3200,2560","Grip Strength (4 Paw)",FALSE,"Water"
"7603",6651,418,60,"2230","Total Fat Mass",FALSE,"Water"
"7604",6651,418,60,"18140","Lean Mass",FALSE,"Water"
"7605",6651,418,60,"21300","Body Weight",FALSE,"Water"
"7606",6651,418,64,"22400","Body Weight",FALSE,"Water"
"7607",6651,418,70,"1510","Total Fat Mass",FALSE,"Water"
"7608",6651,418,70,"20560","Lean Mass",FALSE,"Water"
"7609",6651,418,70,"22750","Body Weight",FALSE,"Water"
"7610",6651,418,77,"23800","Body Weight",FALSE,"Water"
"7611",6651,418,77,"2190","Total Fat Mass",FALSE,"Water"
"7612",6651,418,77,"20880","Lean Mass",FALSE,"Water"
"7613",6651,418,84,"24400","Body Weight",FALSE,"Water"
"7614",6651,418,84,"2200","Total Fat Mass",FALSE,"Water"
"7615",6651,418,84,"21340","Lean Mass",FALSE,"Water"
"7616",6651,418,91,"24800","Body Weight",FALSE,"Water"
"7617",6651,418,91,"2200","Total Fat Mass",FALSE,"Water"
"7618",6651,418,91,"21770","Lean Mass",FALSE,"Water"
"7619",6651,418,98,"25300","Body Weight",FALSE,"Water"
"7620",6651,418,98,"2460","Total Fat Mass",FALSE,"Water"
"7621",6651,418,98,"22430","Lean Mass",FALSE,"Water"
"7622",6651,418,95,"1320,1800,2000,1560,1830","Grip Strength (4 Paw)",FALSE,"Water"
"7623",6651,418,105,"25800","Body Weight",FALSE,"Water"
"7624",6651,418,105,"2160","Total Fat Mass",FALSE,"Water"
"7625",6651,418,105,"22570","Lean Mass",FALSE,"Water"
"7626",6651,418,112,"26400","Body Weight",FALSE,"Water"
"7627",6651,418,112,"2620","Total Fat Mass",FALSE,"Water"
"7628",6651,418,112,"22850","Lean Mass",FALSE,"Water"
"7629",6651,418,119,"26100","Body Weight",FALSE,"Water"
"7630",6651,418,119,"2580","Total Fat Mass",FALSE,"Water"
"7631",6651,418,119,"22830","Lean Mass",FALSE,"Water"
"7632",6651,418,126,"27600","Body Weight",FALSE,"Water"
"7633",6651,418,126,"2140,2060,1750,2350,1810","Grip Strength (4 Paw)",FALSE,"Water"
"7634",6651,418,126,"3310","Total Fat Mass",FALSE,"Water"
"7635",6651,418,126,"23240","Lean Mass",FALSE,"Water"
"7636",6651,418,133,"27500","Body Weight",FALSE,"Water"
"7637",6651,418,133,"3550","Total Fat Mass",FALSE,"Water"
"7638",6651,418,133,"22950","Lean Mass",FALSE,"Water"
"7639",6651,418,140,"28800","Body Weight",FALSE,"Water"
"7640",6651,418,140,"4110","Total Fat Mass",FALSE,"Water"
"7641",6651,418,140,"23700","Lean Mass",FALSE,"Water"
"7642",6651,418,147,"28700","Body Weight",FALSE,"Water"
"7643",6651,418,147,"3620","Total Fat Mass",FALSE,"Water"
"7644",6651,418,147,"24080","Lean Mass",FALSE,"Water"
"7645",6651,418,154,"25300","Body Weight",FALSE,"Water"
"7646",6651,418,154,"99,111,99,101,85,80,81,81,73","Plasma Glucose",FALSE,"Water"
"7647",6651,418,151,"28800","Body Weight",FALSE,"Water"
"7648",6651,418,158,"1780,2310,2030,1680,1800","Grip Strength (4 Paw)",FALSE,"Water"
"7649",6652,419,60,"2240","Total Fat Mass",FALSE,"Water"
"7650",6652,419,60,"16480","Lean Mass",FALSE,"Water"
"7651",6652,419,60,"19700","Body Weight",FALSE,"Water"
"7652",6652,419,64,"20400","Body Weight",FALSE,"Water"
"7653",6652,419,70,"2180","Total Fat Mass",FALSE,"Water"
"7654",6652,419,70,"17810","Lean Mass",FALSE,"Water"
"7655",6652,419,70,"23120","Body Weight",FALSE,"Water"
"7656",6652,419,77,"21900","Body Weight",FALSE,"Water"
"7657",6652,419,77,"2430","Total Fat Mass",FALSE,"Water"
"7658",6652,419,77,"18800","Lean Mass",FALSE,"Water"
"7659",6652,419,84,"22000","Body Weight",FALSE,"Water"
"7660",6652,419,84,"1900","Total Fat Mass",FALSE,"Water"
"7661",6652,419,84,"19480","Lean Mass",FALSE,"Water"
"7662",6652,419,91,"22800","Body Weight",FALSE,"Water"
"7663",6652,419,91,"2130","Total Fat Mass",FALSE,"Water"
"7664",6652,419,91,"19920","Lean Mass",FALSE,"Water"
"7665",6652,419,98,"23400","Body Weight",FALSE,"Water"
"7666",6652,419,98,"2160","Total Fat Mass",FALSE,"Water"
"7667",6652,419,98,"20630","Lean Mass",FALSE,"Water"
"7668",6652,419,95,"1740,1890,1750,2100,2060","Grip Strength (4 Paw)",FALSE,"Water"
"7669",6652,419,105,"23700","Body Weight",FALSE,"Water"
"7670",6652,419,105,"2350","Total Fat Mass",FALSE,"Water"
"7671",6652,419,105,"20760","Lean Mass",FALSE,"Water"
"7672",6652,419,112,"25100","Body Weight",FALSE,"Water"
"7673",6652,419,112,"2260","Total Fat Mass",FALSE,"Water"
"7674",6652,419,112,"21950","Lean Mass",FALSE,"Water"
"7675",6652,419,119,"25400","Body Weight",FALSE,"Water"
"7676",6652,419,119,"2750","Total Fat Mass",FALSE,"Water"
"7677",6652,419,119,"21790","Lean Mass",FALSE,"Water"
"7678",6652,419,126,"25500","Body Weight",FALSE,"Water"
"7679",6652,419,126,"1920,1680,850,2430,2300","Grip Strength (4 Paw)",FALSE,"Water"
"7680",6652,419,126,"2600","Total Fat Mass",FALSE,"Water"
"7681",6652,419,126,"22250","Lean Mass",FALSE,"Water"
"7682",6652,419,133,"26200","Body Weight",FALSE,"Water"
"7683",6652,419,133,"3200","Total Fat Mass",FALSE,"Water"
"7684",6652,419,133,"21900","Lean Mass",FALSE,"Water"
"7685",6652,419,140,"26900","Body Weight",FALSE,"Water"
"7686",6652,419,140,"3380","Total Fat Mass",FALSE,"Water"
"7687",6652,419,140,"22270","Lean Mass",FALSE,"Water"
"7688",6652,419,147,"26800","Body Weight",FALSE,"Water"
"7689",6652,419,147,"3500","Total Fat Mass",FALSE,"Water"
"7690",6652,419,147,"22260","Lean Mass",FALSE,"Water"
"7691",6652,419,154,"25900","Body Weight",FALSE,"Water"
"7692",6652,419,154,"138,96,95,83,71,75,86,104,145","Plasma Glucose",FALSE,"Water"
"7693",6652,419,151,"27200","Body Weight",FALSE,"Water"
"7694",6652,419,158,"1990,2520,2040,2600,2450","Grip Strength (4 Paw)",FALSE,"Water"
"7695",6653,420,60,"17620","Lean Mass",FALSE,"Water"
"7696",6653,420,60,"2830","Total Fat Mass",FALSE,"Water"
"7697",6653,420,60,"21400","Body Weight",FALSE,"Water"
"7698",6653,420,64,"22200","Body Weight",FALSE,"Water"
"7699",6653,420,70,"2280","Total Fat Mass",FALSE,"Water"
"7700",6653,420,70,"20080","Lean Mass",FALSE,"Water"
"7701",6653,420,70,"22730","Body Weight",FALSE,"Water"
"7702",6653,420,77,"23500","Body Weight",FALSE,"Water"
"7703",6653,420,77,"1960","Total Fat Mass",FALSE,"Water"
"7704",6653,420,77,"20900","Lean Mass",FALSE,"Water"
"7705",6653,420,84,"24300","Body Weight",FALSE,"Water"
"7706",6653,420,84,"1750","Total Fat Mass",FALSE,"Water"
"7707",6653,420,84,"21670","Lean Mass",FALSE,"Water"
"7708",6653,420,91,"24500","Body Weight",FALSE,"Water"
"7709",6653,420,91,"1910","Total Fat Mass",FALSE,"Water"
"7710",6653,420,91,"21980","Lean Mass",FALSE,"Water"
"7711",6653,420,98,"25700","Body Weight",FALSE,"Water"
"7712",6653,420,98,"2030","Total Fat Mass",FALSE,"Water"
"7713",6653,420,98,"22910","Lean Mass",FALSE,"Water"
"7714",6653,420,95,"1450,2010,1950,1800,2460","Grip Strength (4 Paw)",FALSE,"Water"
"7715",6653,420,105,"25800","Body Weight",FALSE,"Water"
"7716",6653,420,105,"2160","Total Fat Mass",FALSE,"Water"
"7717",6653,420,105,"22840","Lean Mass",FALSE,"Water"
"7718",6653,420,112,"26400","Body Weight",FALSE,"Water"
"7719",6653,420,112,"2070","Total Fat Mass",FALSE,"Water"
"7720",6653,420,112,"23620","Lean Mass",FALSE,"Water"
"7721",6653,420,119,"26700","Body Weight",FALSE,"Water"
"7722",6653,420,119,"2280","Total Fat Mass",FALSE,"Water"
"7723",6653,420,119,"23560","Lean Mass",FALSE,"Water"
"7724",6653,420,126,"26900","Body Weight",FALSE,"Water"
"7725",6653,420,126,"2190,1950,1950,2420,2060","Grip Strength (4 Paw)",FALSE,"Water"
"7726",6653,420,126,"2340","Total Fat Mass",FALSE,"Water"
"7727",6653,420,126,"23860","Lean Mass",FALSE,"Water"
"7728",6653,420,133,"27400","Body Weight",FALSE,"Water"
"7729",6653,420,133,"2540","Total Fat Mass",FALSE,"Water"
"7730",6653,420,133,"23890","Lean Mass",FALSE,"Water"
"7731",6653,420,140,"28200","Body Weight",FALSE,"Water"
"7732",6653,420,140,"2770","Total Fat Mass",FALSE,"Water"
"7733",6653,420,140,"24160","Lean Mass",FALSE,"Water"
"7734",6653,420,147,"28200","Body Weight",FALSE,"Water"
"7735",6653,420,147,"2610","Total Fat Mass",FALSE,"Water"
"7736",6653,420,147,"24590","Lean Mass",FALSE,"Water"
"7737",6653,420,154,"27500","Body Weight",FALSE,"Water"
"7738",6653,420,154,"158,105,62,65,71,74,82,108,115","Plasma Glucose",FALSE,"Water"
"7739",6653,420,151,"28600","Body Weight",FALSE,"Water"
"7740",6653,420,158,"2930,3320,3310,2910,2600","Grip Strength (4 Paw)",FALSE,"Water"
"7741",6654,421,60,"1670","Total Fat Mass",FALSE,"Water"
"7742",6654,421,60,"19440","Lean Mass",FALSE,"Water"
"7743",6654,421,60,"21800","Body Weight",FALSE,"Water"
"7744",6654,421,64,"22600","Body Weight",FALSE,"Water"
"7745",6654,421,70,"1490","Total Fat Mass",FALSE,"Water"
"7746",6654,421,70,"21100","Lean Mass",FALSE,"Water"
"7747",6654,421,70,"20680","Body Weight",FALSE,"Water"
"7748",6654,421,77,"23300","Body Weight",FALSE,"Water"
"7749",6654,421,77,"1700","Total Fat Mass",FALSE,"Water"
"7750",6654,421,77,"20870","Lean Mass",FALSE,"Water"
"7751",6654,421,84,"23400","Body Weight",FALSE,"Water"
"7752",6654,421,84,"1740","Total Fat Mass",FALSE,"Water"
"7753",6654,421,84,"20900","Lean Mass",FALSE,"Water"
"7754",6654,421,91,"23600","Body Weight",FALSE,"Water"
"7755",6654,421,91,"1890","Total Fat Mass",FALSE,"Water"
"7756",6654,421,91,"20940","Lean Mass",FALSE,"Water"
"7757",6654,421,98,"24700","Body Weight",FALSE,"Water"
"7758",6654,421,98,"2150","Total Fat Mass",FALSE,"Water"
"7759",6654,421,98,"21690","Lean Mass",FALSE,"Water"
"7760",6654,421,95,"2360,2230,1820,2290,1880","Grip Strength (4 Paw)",FALSE,"Water"
"7761",6654,421,105,"24700","Body Weight",FALSE,"Water"
"7762",6654,421,105,"2070","Total Fat Mass",FALSE,"Water"
"7763",6654,421,105,"21740","Lean Mass",FALSE,"Water"
"7764",6654,421,112,"25200","Body Weight",FALSE,"Water"
"7765",6654,421,112,"2190","Total Fat Mass",FALSE,"Water"
"7766",6654,421,112,"22280","Lean Mass",FALSE,"Water"
"7767",6654,421,119,"25900","Body Weight",FALSE,"Water"
"7768",6654,421,119,"2510","Total Fat Mass",FALSE,"Water"
"7769",6654,421,119,"22360","Lean Mass",FALSE,"Water"
"7770",6654,421,126,"26200","Body Weight",FALSE,"Water"
"7771",6654,421,126,"1650,1990,2540,2160,2130","Grip Strength (4 Paw)",FALSE,"Water"
"7772",6654,421,126,"2780","Total Fat Mass",FALSE,"Water"
"7773",6654,421,126,"22670","Lean Mass",FALSE,"Water"
"7774",6654,421,133,"26000","Body Weight",FALSE,"Water"
"7775",6654,421,133,"2480","Total Fat Mass",FALSE,"Water"
"7776",6654,421,133,"22630","Lean Mass",FALSE,"Water"
"7777",6654,421,140,"26800","Body Weight",FALSE,"Water"
"7778",6654,421,140,"2910","Total Fat Mass",FALSE,"Water"
"7779",6654,421,140,"22600","Lean Mass",FALSE,"Water"
"7780",6654,421,147,"26600","Body Weight",FALSE,"Water"
"7781",6654,421,147,"2900","Total Fat Mass",FALSE,"Water"
"7782",6654,421,147,"22910","Lean Mass",FALSE,"Water"
"7783",6654,421,154,"26500","Body Weight",FALSE,"Water"
"7784",6654,421,154,"147,113,86,66,62,69,84,77,83","Plasma Glucose",FALSE,"Water"
"7785",6654,421,151,"27100","Body Weight",FALSE,"Water"
"7786",6654,421,158,"2730,2330,1740,2510,2500","Grip Strength (4 Paw)",FALSE,"Water"
"7787",6655,422,60,"2520","Total Fat Mass",TRUE,"Dexamethasone"
"7788",6655,422,60,"18860","Lean Mass",TRUE,"Dexamethasone"
"7789",6655,422,60,"22200","Body Weight",TRUE,"Dexamethasone"
"7790",6655,422,64,"22600","Body Weight",TRUE,"Dexamethasone"
"7791",6655,422,70,"1540","Total Fat Mass",TRUE,"Dexamethasone"
"7792",6655,422,70,"21320","Lean Mass",TRUE,"Dexamethasone"
"7793",6655,422,70,"21820","Body Weight",TRUE,"Dexamethasone"
"7794",6655,422,77,"21400","Body Weight",TRUE,"Dexamethasone"
"7795",6655,422,77,"1930","Total Fat Mass",TRUE,"Dexamethasone"
"7796",6655,422,77,"18880","Lean Mass",TRUE,"Dexamethasone"
"7797",6655,422,84,"20900","Body Weight",TRUE,"Dexamethasone"
"7798",6655,422,84,"1820","Total Fat Mass",TRUE,"Dexamethasone"
"7799",6655,422,84,"18500","Lean Mass",TRUE,"Dexamethasone"
"7800",6655,422,91,"20900","Body Weight",TRUE,"Dexamethasone"
"7801",6655,422,91,"1840","Total Fat Mass",TRUE,"Dexamethasone"
"7802",6655,422,91,"18520","Lean Mass",TRUE,"Dexamethasone"
"7803",6655,422,98,"21200","Body Weight",TRUE,"Dexamethasone"
"7804",6655,422,98,"1970","Total Fat Mass",TRUE,"Dexamethasone"
"7805",6655,422,98,"18530","Lean Mass",TRUE,"Dexamethasone"
"7806",6655,422,95,"1790,1960,1560,1650,1540","Grip Strength (4 Paw)",TRUE,"Dexamethasone"
"7807",6655,422,105,"20500","Body Weight",TRUE,"Dexamethasone"
"7808",6655,422,105,"1730","Total Fat Mass",TRUE,"Dexamethasone"
"7809",6655,422,105,"18250","Lean Mass",TRUE,"Dexamethasone"
"7810",6655,422,112,"21300","Body Weight",TRUE,"Dexamethasone"
"7811",6655,422,112,"2210","Total Fat Mass",TRUE,"Dexamethasone"
"7812",6655,422,112,"18410","Lean Mass",TRUE,"Dexamethasone"
"7813",6655,422,119,"21100","Body Weight",TRUE,"Dexamethasone"
"7814",6655,422,119,"2240","Total Fat Mass",TRUE,"Dexamethasone"
"7815",6655,422,119,"17910","Lean Mass",TRUE,"Dexamethasone"
"7816",6655,422,126,"22000","Body Weight",TRUE,"Dexamethasone"
"7817",6655,422,126,"2040,1960,1870,1890,1680","Grip Strength (4 Paw)",TRUE,"Dexamethasone"
"7818",6655,422,126,"3100","Total Fat Mass",TRUE,"Dexamethasone"
"7819",6655,422,126,"18290","Lean Mass",TRUE,"Dexamethasone"
"7820",6655,422,133,"18200","Body Weight",TRUE,"Dexamethasone"
"7821",6655,422,133,"1750","Total Fat Mass",TRUE,"Dexamethasone"
"7822",6655,422,133,"15690","Lean Mass",TRUE,"Dexamethasone"
"7823",6656,423,60,"2030","Total Fat Mass",TRUE,"Dexamethasone"
"7824",6656,423,60,"17990","Lean Mass",TRUE,"Dexamethasone"
"7825",6656,423,60,"20600","Body Weight",TRUE,"Dexamethasone"
"7826",6656,423,64,"21300","Body Weight",TRUE,"Dexamethasone"
"7827",6656,423,70,"2250","Total Fat Mass",TRUE,"Dexamethasone"
"7828",6656,423,70,"19220","Lean Mass",TRUE,"Dexamethasone"
"7829",6656,423,70,"22560","Body Weight",TRUE,"Dexamethasone"
"7830",6656,423,77,"19900","Body Weight",TRUE,"Dexamethasone"
"7831",6656,423,77,"2350","Total Fat Mass",TRUE,"Dexamethasone"
"7832",6656,423,77,"16940","Lean Mass",TRUE,"Dexamethasone"
"7833",6656,423,84,"19200","Body Weight",TRUE,"Dexamethasone"
"7834",6656,423,84,"1570","Total Fat Mass",TRUE,"Dexamethasone"
"7835",6656,423,84,"16880","Lean Mass",TRUE,"Dexamethasone"
"7836",6656,423,91,"19300","Body Weight",TRUE,"Dexamethasone"
"7837",6656,423,91,"1650","Total Fat Mass",TRUE,"Dexamethasone"
"7838",6656,423,91,"16900","Lean Mass",TRUE,"Dexamethasone"
"7839",6656,423,98,"19500","Body Weight",TRUE,"Dexamethasone"
"7840",6656,423,98,"2290","Total Fat Mass",TRUE,"Dexamethasone"
"7841",6656,423,98,"16790","Lean Mass",TRUE,"Dexamethasone"
"7842",6656,423,95,"1200,1550,1350,1110,1360","Grip Strength (4 Paw)",TRUE,"Dexamethasone"
"7843",6656,423,105,"20000","Body Weight",TRUE,"Dexamethasone"
"7844",6656,423,105,"2430","Total Fat Mass",TRUE,"Dexamethasone"
"7845",6656,423,105,"17070","Lean Mass",TRUE,"Dexamethasone"
"7846",6656,423,112,"20500","Body Weight",TRUE,"Dexamethasone"
"7847",6656,423,112,"3030","Total Fat Mass",TRUE,"Dexamethasone"
"7848",6656,423,112,"16820","Lean Mass",TRUE,"Dexamethasone"
"7849",6656,423,119,"21300","Body Weight",TRUE,"Dexamethasone"
"7850",6656,423,119,"3580","Total Fat Mass",TRUE,"Dexamethasone"
"7851",6656,423,119,"17050","Lean Mass",TRUE,"Dexamethasone"
"7852",6656,423,126,"22300","Body Weight",TRUE,"Dexamethasone"
"7853",6656,423,126,"1220,1060,1430,1270,960","Grip Strength (4 Paw)",TRUE,"Dexamethasone"
"7854",6656,423,126,"4600","Total Fat Mass",TRUE,"Dexamethasone"
"7855",6656,423,126,"17020","Lean Mass",TRUE,"Dexamethasone"
"7856",6656,423,133,"23200","Body Weight",TRUE,"Dexamethasone"
"7857",6656,423,133,"5440","Total Fat Mass",TRUE,"Dexamethasone"
"7858",6656,423,133,"17210","Lean Mass",TRUE,"Dexamethasone"
"7859",6656,423,140,"23300","Body Weight",TRUE,"Dexamethasone"
"7860",6656,423,140,"5070","Total Fat Mass",TRUE,"Dexamethasone"
"7861",6656,423,140,"17530","Lean Mass",TRUE,"Dexamethasone"
"7862",6656,423,147,"23600","Body Weight",TRUE,"Dexamethasone"
"7863",6656,423,147,"5370","Total Fat Mass",TRUE,"Dexamethasone"
"7864",6656,423,147,"17110","Lean Mass",TRUE,"Dexamethasone"
"7865",6656,423,151,"22300","Body Weight",TRUE,"Dexamethasone"
"7866",6657,424,60,"1960","Total Fat Mass",TRUE,"Dexamethasone"
"7867",6657,424,60,"18200","Lean Mass",TRUE,"Dexamethasone"
"7868",6657,424,60,"21100","Body Weight",TRUE,"Dexamethasone"
"7869",6657,424,64,"21700","Body Weight",TRUE,"Dexamethasone"
"7870",6657,424,70,"2350","Total Fat Mass",TRUE,"Dexamethasone"
"7871",6657,424,70,"19220","Lean Mass",TRUE,"Dexamethasone"
"7872",6657,424,70,"23260","Body Weight",TRUE,"Dexamethasone"
"7873",6657,424,77,"19700","Body Weight",TRUE,"Dexamethasone"
"7874",6657,424,77,"1890","Total Fat Mass",TRUE,"Dexamethasone"
"7875",6657,424,77,"17320","Lean Mass",TRUE,"Dexamethasone"
"7876",6657,424,84,"19400","Body Weight",TRUE,"Dexamethasone"
"7877",6657,424,84,"1590","Total Fat Mass",TRUE,"Dexamethasone"
"7878",6657,424,84,"17000","Lean Mass",TRUE,"Dexamethasone"
"7879",6657,424,91,"19700","Body Weight",TRUE,"Dexamethasone"
"7880",6657,424,91,"1700","Total Fat Mass",TRUE,"Dexamethasone"
"7881",6657,424,91,"17320","Lean Mass",TRUE,"Dexamethasone"
"7882",6657,424,98,"19600","Body Weight",TRUE,"Dexamethasone"
"7883",6657,424,98,"1870","Total Fat Mass",TRUE,"Dexamethasone"
"7884",6657,424,98,"17070","Lean Mass",TRUE,"Dexamethasone"
"7885",6657,424,95,"1650,1640,1750,1490,1640","Grip Strength (4 Paw)",TRUE,"Dexamethasone"
"7886",6657,424,105,"19200","Body Weight",TRUE,"Dexamethasone"
"7887",6657,424,105,"1760","Total Fat Mass",TRUE,"Dexamethasone"
"7888",6657,424,105,"16550","Lean Mass",TRUE,"Dexamethasone"
"7889",6657,424,112,"20800","Body Weight",TRUE,"Dexamethasone"
"7890",6657,424,112,"3100","Total Fat Mass",TRUE,"Dexamethasone"
"7891",6657,424,112,"16470","Lean Mass",TRUE,"Dexamethasone"
"7892",6657,424,119,"21100","Body Weight",TRUE,"Dexamethasone"
"7893",6657,424,119,"3220","Total Fat Mass",TRUE,"Dexamethasone"
"7894",6657,424,119,"17220","Lean Mass",TRUE,"Dexamethasone"
"7895",6657,424,126,"21800","Body Weight",TRUE,"Dexamethasone"
"7896",6657,424,126,"1680,1600,1600,1710,920","Grip Strength (4 Paw)",TRUE,"Dexamethasone"
"7897",6657,424,126,"4410","Total Fat Mass",TRUE,"Dexamethasone"
"7898",6657,424,126,"16690","Lean Mass",TRUE,"Dexamethasone"
"7899",6657,424,133,"22700","Body Weight",TRUE,"Dexamethasone"
"7900",6657,424,133,"4830","Total Fat Mass",TRUE,"Dexamethasone"
"7901",6657,424,133,"17150","Lean Mass",TRUE,"Dexamethasone"
"7902",6657,424,140,"22700","Body Weight",TRUE,"Dexamethasone"
"7903",6657,424,140,"4820","Total Fat Mass",TRUE,"Dexamethasone"
"7904",6657,424,140,"16770","Lean Mass",TRUE,"Dexamethasone"
"7905",6657,424,147,"20900","Body Weight",TRUE,"Dexamethasone"
"7906",6657,424,147,"4370","Total Fat Mass",TRUE,"Dexamethasone"
"7907",6657,424,147,"15660","Lean Mass",TRUE,"Dexamethasone"
"7908",6657,424,151,"20600","Body Weight",TRUE,"Dexamethasone"
"7909",6658,425,60,"2310","Total Fat Mass",TRUE,"Dexamethasone"
"7910",6658,425,60,"19500","Body Weight",TRUE,"Dexamethasone"
"7911",6658,425,60,"16440","Lean Mass",TRUE,"Dexamethasone"
"7912",6658,425,64,"20300","Body Weight",TRUE,"Dexamethasone"
"7913",6658,425,70,"1680","Total Fat Mass",TRUE,"Dexamethasone"
"7914",6658,425,70,"20460","Lean Mass",TRUE,"Dexamethasone"
"7915",6658,425,70,"21540","Body Weight",TRUE,"Dexamethasone"
"7916",6658,425,77,"20100","Body Weight",TRUE,"Dexamethasone"
"7917",6658,425,77,"1760","Total Fat Mass",TRUE,"Dexamethasone"
"7918",6658,425,77,"17870","Lean Mass",TRUE,"Dexamethasone"
"7919",6658,425,84,"20300","Body Weight",TRUE,"Dexamethasone"
"7920",6658,425,84,"1710","Total Fat Mass",TRUE,"Dexamethasone"
"7921",6658,425,84,"17910","Lean Mass",TRUE,"Dexamethasone"
"7922",6658,425,91,"20200","Body Weight",TRUE,"Dexamethasone"
"7923",6658,425,91,"1690","Total Fat Mass",TRUE,"Dexamethasone"
"7924",6658,425,91,"17710","Lean Mass",TRUE,"Dexamethasone"
"7925",6658,425,98,"20200","Body Weight",TRUE,"Dexamethasone"
"7926",6658,425,98,"2090","Total Fat Mass",TRUE,"Dexamethasone"
"7927",6658,425,98,"17470","Lean Mass",TRUE,"Dexamethasone"
"7928",6658,425,95,"1260,1910,1660,1560,1140","Grip Strength (4 Paw)",TRUE,"Dexamethasone"
"7929",6658,425,105,"19500","Body Weight",TRUE,"Dexamethasone"
"7930",6658,425,105,"1520","Total Fat Mass",TRUE,"Dexamethasone"
"7931",6658,425,105,"17140","Lean Mass",TRUE,"Dexamethasone"
"7932",6658,425,112,"19700","Body Weight",TRUE,"Dexamethasone"
"7933",6658,425,112,"1720","Total Fat Mass",TRUE,"Dexamethasone"
"7934",6658,425,112,"17130","Lean Mass",TRUE,"Dexamethasone"
"7935",6658,425,119,"19000","Body Weight",TRUE,"Dexamethasone"
"7936",6658,425,119,"1790","Total Fat Mass",TRUE,"Dexamethasone"
"7937",6658,425,119,"16580","Lean Mass",TRUE,"Dexamethasone"
"7938",6658,425,126,"18000","Body Weight",TRUE,"Dexamethasone"
"7939",6658,425,126,"2040,1440,1430,1330,1240","Grip Strength (4 Paw)",TRUE,"Dexamethasone"
"7940",6658,425,126,"1880","Total Fat Mass",TRUE,"Dexamethasone"
"7941",6658,425,126,"15280","Lean Mass",TRUE,"Dexamethasone"
"7942",6658,425,133,"17700","Body Weight",TRUE,"Dexamethasone"
"7943",6658,425,133,"1820","Total Fat Mass",TRUE,"Dexamethasone"
"7944",6658,425,133,"14910","Lean Mass",TRUE,"Dexamethasone"
"7945",6658,425,140,"18300","Body Weight",TRUE,"Dexamethasone"
"7946",6658,425,140,"1840","Total Fat Mass",TRUE,"Dexamethasone"
"7947",6658,425,140,"15260","Lean Mass",TRUE,"Dexamethasone"
"7948",6658,425,147,"17400","Body Weight",TRUE,"Dexamethasone"
"7949",6658,425,147,"1520","Total Fat Mass",TRUE,"Dexamethasone"
"7950",6658,425,147,"14930","Lean Mass",TRUE,"Dexamethasone"
"7951",6658,425,154,"16400","Body Weight",TRUE,"Dexamethasone"
"7952",6658,425,151,"16700","Body Weight",TRUE,"Dexamethasone"
"7953",6659,426,60,"2450","Total Fat Mass",TRUE,"Dexamethasone"
"7954",6659,426,60,"17960","Lean Mass",TRUE,"Dexamethasone"
"7955",6659,426,60,"21300","Body Weight",TRUE,"Dexamethasone"
"7956",6659,426,64,"22200","Body Weight",TRUE,"Dexamethasone"
"7957",6659,426,70,"23310","Body Weight",TRUE,"Dexamethasone"
"7958",6659,426,70,"2200","Total Fat Mass",TRUE,"Dexamethasone"
"7959",6659,426,70,"20700","Lean Mass",TRUE,"Dexamethasone"
"7960",6659,426,77,"22100","Body Weight",TRUE,"Dexamethasone"
"7961",6659,426,77,"2290","Total Fat Mass",TRUE,"Dexamethasone"
"7962",6659,426,77,"18970","Lean Mass",TRUE,"Dexamethasone"
"7963",6659,426,84,"22100","Body Weight",TRUE,"Dexamethasone"
"7964",6659,426,84,"2410","Total Fat Mass",TRUE,"Dexamethasone"
"7965",6659,426,84,"18870","Lean Mass",TRUE,"Dexamethasone"
"7966",6659,426,91,"22500","Body Weight",TRUE,"Dexamethasone"
"7967",6659,426,91,"3060","Total Fat Mass",TRUE,"Dexamethasone"
"7968",6659,426,91,"18600","Lean Mass",TRUE,"Dexamethasone"
"7969",6659,426,98,"23100","Body Weight",TRUE,"Dexamethasone"
"7970",6659,426,98,"3360","Total Fat Mass",TRUE,"Dexamethasone"
"7971",6659,426,98,"19080","Lean Mass",TRUE,"Dexamethasone"
"7972",6659,426,95,"1660,1700,1190,1550,1700","Grip Strength (4 Paw)",TRUE,"Dexamethasone"
"7973",6659,426,105,"23400","Body Weight",TRUE,"Dexamethasone"
"7974",6659,426,105,"3620","Total Fat Mass",TRUE,"Dexamethasone"
"7975",6659,426,105,"18970","Lean Mass",TRUE,"Dexamethasone"
"7976",6659,426,112,"25100","Body Weight",TRUE,"Dexamethasone"
"7977",6659,426,112,"4630","Total Fat Mass",TRUE,"Dexamethasone"
"7978",6659,426,112,"19450","Lean Mass",TRUE,"Dexamethasone"
"7979",6659,426,119,"25100","Body Weight",TRUE,"Dexamethasone"
"7980",6659,426,119,"5070","Total Fat Mass",TRUE,"Dexamethasone"
"7981",6659,426,119,"19040","Lean Mass",TRUE,"Dexamethasone"
"7982",6660,427,60,"2880","Total Fat Mass",TRUE,"Dexamethasone"
"7983",6660,427,60,"18800","Lean Mass",TRUE,"Dexamethasone"
"7984",6660,427,60,"22600","Body Weight",TRUE,"Dexamethasone"
"7985",6660,427,64,"23500","Body Weight",TRUE,"Dexamethasone"
"7986",6660,427,70,"2930","Total Fat Mass",TRUE,"Dexamethasone"
"7987",6660,427,70,"20280","Lean Mass",TRUE,"Dexamethasone"
"7988",6660,427,70,"22560","Body Weight",TRUE,"Dexamethasone"
"7989",6660,427,77,"22200","Body Weight",TRUE,"Dexamethasone"
"7990",6660,427,77,"2640","Total Fat Mass",TRUE,"Dexamethasone"
"7991",6660,427,77,"18850","Lean Mass",TRUE,"Dexamethasone"
"7992",6660,427,84,"21100","Body Weight",TRUE,"Dexamethasone"
"7993",6660,427,84,"2150","Total Fat Mass",TRUE,"Dexamethasone"
"7994",6660,427,84,"18230","Lean Mass",TRUE,"Dexamethasone"
"7995",6660,427,91,"20700","Body Weight",TRUE,"Dexamethasone"
"7996",6660,427,91,"1990","Total Fat Mass",TRUE,"Dexamethasone"
"7997",6660,427,91,"17970","Lean Mass",TRUE,"Dexamethasone"
"7998",6660,427,98,"21600","Body Weight",TRUE,"Dexamethasone"
"7999",6660,427,98,"2480","Total Fat Mass",TRUE,"Dexamethasone"
"8000",6660,427,98,"18300","Lean Mass",TRUE,"Dexamethasone"
"8001",6660,427,95,"1120,1240,1100,1310,1060","Grip Strength (4 Paw)",TRUE,"Dexamethasone"
"8002",6660,427,105,"21100","Body Weight",TRUE,"Dexamethasone"
"8003",6660,427,105,"2340","Total Fat Mass",TRUE,"Dexamethasone"
"8004",6660,427,105,"18130","Lean Mass",TRUE,"Dexamethasone"
"8005",6660,427,112,"22100","Body Weight",TRUE,"Dexamethasone"
"8006",6660,427,112,"2870","Total Fat Mass",TRUE,"Dexamethasone"
"8007",6660,427,112,"18370","Lean Mass",TRUE,"Dexamethasone"
"8008",6660,427,119,"22200","Body Weight",TRUE,"Dexamethasone"
"8009",6660,427,119,"3410","Total Fat Mass",TRUE,"Dexamethasone"
"8010",6660,427,119,"18120","Lean Mass",TRUE,"Dexamethasone"
"8011",6660,427,126,"1430,1440,1800,1690,2060","Grip Strength (4 Paw)",TRUE,"Dexamethasone"
"8012",6660,427,126,"22500","Body Weight",TRUE,"Dexamethasone"
"8013",6660,427,126,"3480","Total Fat Mass",TRUE,"Dexamethasone"
"8014",6660,427,126,"18300","Lean Mass",TRUE,"Dexamethasone"
"8015",6660,427,133,"23700","Body Weight",TRUE,"Dexamethasone"
"8016",6660,427,133,"4630","Total Fat Mass",TRUE,"Dexamethasone"
"8017",6660,427,133,"18040","Lean Mass",TRUE,"Dexamethasone"
"8018",6660,427,140,"23500","Body Weight",TRUE,"Dexamethasone"
"8019",6660,427,140,"4110","Total Fat Mass",TRUE,"Dexamethasone"
"8020",6660,427,140,"18060","Lean Mass",TRUE,"Dexamethasone"
"8021",6660,427,147,"24000","Body Weight",TRUE,"Dexamethasone"
"8022",6660,427,147,"4870","Total Fat Mass",TRUE,"Dexamethasone"
"8023",6660,427,147,"18090","Lean Mass",TRUE,"Dexamethasone"
"8024",6660,427,154,"23900","Body Weight",TRUE,"Dexamethasone"
"8025",6660,427,154,"115,104,121,111,110,117,108,119,120","Plasma Glucose",TRUE,"Dexamethasone"
"8026",6660,427,151,"24900","Body Weight",TRUE,"Dexamethasone"
"8027",6660,427,158,"1880,1760,1450,2000,1830","Grip Strength (4 Paw)",TRUE,"Dexamethasone"
"8028",6661,428,60,"19700","Body Weight",TRUE,"Dexamethasone"
"8029",6661,428,60,"16390","Lean Mass",TRUE,"Dexamethasone"
"8030",6661,428,60,"2510","Total Fat Mass",TRUE,"Dexamethasone"
"8031",6661,428,64,"20500","Body Weight",TRUE,"Dexamethasone"
"8032",6661,428,70,"1900","Total Fat Mass",TRUE,"Dexamethasone"
"8033",6661,428,70,"19580","Lean Mass",TRUE,"Dexamethasone"
"8034",6661,428,70,"22150","Lean Mass",TRUE,"Dexamethasone"
"8035",6661,428,77,"20500","Body Weight",TRUE,"Dexamethasone"
"8036",6661,428,77,"2120","Total Fat Mass",TRUE,"Dexamethasone"
"8037",6661,428,77,"17490","Lean Mass",TRUE,"Dexamethasone"
"8038",6661,428,84,"20200","Body Weight",TRUE,"Dexamethasone"
"8039",6661,428,84,"2090","Total Fat Mass",TRUE,"Dexamethasone"
"8040",6661,428,84,"17220","Lean Mass",TRUE,"Dexamethasone"
"8041",6661,428,91,"20100","Body Weight",TRUE,"Dexamethasone"
"8042",6661,428,91,"2240","Total Fat Mass",TRUE,"Dexamethasone"
"8043",6661,428,91,"16910","Lean Mass",TRUE,"Dexamethasone"
"8044",6661,428,98,"21000","Body Weight",TRUE,"Dexamethasone"
"8045",6661,428,98,"2860","Total Fat Mass",TRUE,"Dexamethasone"
"8046",6661,428,98,"17490","Lean Mass",TRUE,"Dexamethasone"
"8047",6661,428,95,"1160,1620,1460,1430,1790","Grip Strength (4 Paw)",TRUE,"Dexamethasone"
"8048",6661,428,105,"20600","Body Weight",TRUE,"Dexamethasone"
"8049",6661,428,105,"2820","Total Fat Mass",TRUE,"Dexamethasone"
"8050",6661,428,105,"16760","Lean Mass",TRUE,"Dexamethasone"
"8051",6661,428,112,"21100","Body Weight",TRUE,"Dexamethasone"
"8052",6661,428,112,"3510","Total Fat Mass",TRUE,"Dexamethasone"
"8053",6661,428,112,"16940","Lean Mass",TRUE,"Dexamethasone"
"8054",6661,428,119,"21100","Body Weight",TRUE,"Dexamethasone"
"8055",6661,428,119,"3680","Total Fat Mass",TRUE,"Dexamethasone"
"8056",6661,428,119,"16680","Lean Mass",TRUE,"Dexamethasone"
"8057",6661,428,126,"22300","Body Weight",TRUE,"Dexamethasone"
"8058",6661,428,126,"1360,1790,1910,1600,1870","Grip Strength (4 Paw)",TRUE,"Dexamethasone"
"8059",6661,428,126,"3980","Total Fat Mass",TRUE,"Dexamethasone"
"8060",6661,428,126,"17240","Lean Mass",TRUE,"Dexamethasone"
"8061",6661,428,133,"22000","Body Weight",TRUE,"Dexamethasone"
"8062",6661,428,133,"4000","Total Fat Mass",TRUE,"Dexamethasone"
"8063",6661,428,133,"16880","Lean Mass",TRUE,"Dexamethasone"
"8064",6662,429,60,"1800","Total Fat Mass",TRUE,"Dexamethasone"
"8065",6662,429,60,"18940","Lean Mass",TRUE,"Dexamethasone"
"8066",6662,429,60,"21700","Body Weight",TRUE,"Dexamethasone"
"8067",6662,429,64,"22100","Body Weight",TRUE,"Dexamethasone"
"8068",6662,429,70,"2110","Total Fat Mass",TRUE,"Dexamethasone"
"8069",6662,429,70,"20070","Lean Mass",TRUE,"Dexamethasone"
"8070",6662,429,70,"23750","Body Weight",TRUE,"Dexamethasone"
"8071",6662,429,77,"20600","Body Weight",TRUE,"Dexamethasone"
"8072",6662,429,77,"1730","Total Fat Mass",TRUE,"Dexamethasone"
"8073",6662,429,77,"18170","Lean Mass",TRUE,"Dexamethasone"
"8074",6662,429,84,"19900","Body Weight",TRUE,"Dexamethasone"
"8075",6662,429,84,"1410","Total Fat Mass",TRUE,"Dexamethasone"
"8076",6662,429,84,"17840","Lean Mass",TRUE,"Dexamethasone"
"8077",6662,429,91,"20200","Body Weight",TRUE,"Dexamethasone"
"8078",6662,429,91,"1740","Total Fat Mass",TRUE,"Dexamethasone"
"8079",6662,429,91,"17620","Lean Mass",TRUE,"Dexamethasone"
"8080",6662,429,98,"20500","Body Weight",TRUE,"Dexamethasone"
"8081",6662,429,98,"1970","Total Fat Mass",TRUE,"Dexamethasone"
"8082",6662,429,98,"17930","Lean Mass",TRUE,"Dexamethasone"
"8083",6662,429,95,"1330,1560,1210,1680,1600","Grip Strength (4 Paw)",TRUE,"Dexamethasone"
"8084",6662,429,105,"19900","Body Weight",TRUE,"Dexamethasone"
"8085",6662,429,105,"1910","Total Fat Mass",TRUE,"Dexamethasone"
"8086",6662,429,105,"17310","Lean Mass",TRUE,"Dexamethasone"
"8087",6662,429,112,"20800","Body Weight",TRUE,"Dexamethasone"
"8088",6662,429,112,"2160","Total Fat Mass",TRUE,"Dexamethasone"
"8089",6662,429,112,"17750","Lean Mass",TRUE,"Dexamethasone"
"8090",6662,429,119,"20500","Body Weight",TRUE,"Dexamethasone"
"8091",6662,429,119,"2260","Total Fat Mass",TRUE,"Dexamethasone"
"8092",6662,429,119,"17160","Lean Mass",TRUE,"Dexamethasone"
"8093",6662,429,126,"20000","Body Weight",TRUE,"Dexamethasone"
"8094",6662,429,126,"1480,1550,1390,1830,1890","Grip Strength (4 Paw)",TRUE,"Dexamethasone"
"8095",6662,429,126,"2080","Total Fat Mass",TRUE,"Dexamethasone"
"8096",6662,429,126,"17230","Lean Mass",TRUE,"Dexamethasone"
"8097",6662,429,133,"21500","Body Weight",TRUE,"Dexamethasone"
"8098",6662,429,133,"2920","Total Fat Mass",TRUE,"Dexamethasone"
"8099",6662,429,133,"17610","Lean Mass",TRUE,"Dexamethasone"
"8100",6662,429,140,"21100","Body Weight",TRUE,"Dexamethasone"
"8101",6662,429,140,"2600","Total Fat Mass",TRUE,"Dexamethasone"
"8102",6662,429,140,"17350","Lean Mass",TRUE,"Dexamethasone"
"8103",6662,429,147,"21100","Body Weight",TRUE,"Dexamethasone"
"8104",6662,429,147,"2800","Total Fat Mass",TRUE,"Dexamethasone"
"8105",6662,429,147,"17450","Lean Mass",TRUE,"Dexamethasone"
"8106",6662,429,154,"20900","Body Weight",TRUE,"Dexamethasone"
"8107",6662,429,154,"120,121,123,134,144,152,144,145,150","Plasma Glucose",TRUE,"Dexamethasone"
"8108",6662,429,151,"22300","Body Weight",TRUE,"Dexamethasone"
"8109",6662,429,158,"1850,1940,1840,2810,2100","Grip Strength (4 Paw)",TRUE,"Dexamethasone"
"8110",6663,430,60,"2030","Total Fat Mass",TRUE,"Dexamethasone"
"8111",6663,430,60,"19820","Lean Mass",TRUE,"Dexamethasone"
"8112",6663,430,60,"22700","Body Weight",TRUE,"Dexamethasone"
"8113",6663,430,64,"24100","Body Weight",TRUE,"Dexamethasone"
"8114",6663,430,70,"1750","Total Fat Mass",TRUE,"Dexamethasone"
"8115",6663,430,70,"22610","Lean Mass",TRUE,"Dexamethasone"
"8116",6663,430,70,"21770","Body Weight",TRUE,"Dexamethasone"
"8117",6663,430,77,"22900","Body Weight",TRUE,"Dexamethasone"
"8118",6663,430,77,"2100","Total Fat Mass",TRUE,"Dexamethasone"
"8119",6663,430,77,"20090","Lean Mass",TRUE,"Dexamethasone"
"8120",6663,430,84,"22300","Body Weight",TRUE,"Dexamethasone"
"8121",6663,430,84,"1680","Total Fat Mass",TRUE,"Dexamethasone"
"8122",6663,430,84,"19570","Lean Mass",TRUE,"Dexamethasone"
"8123",6663,430,91,"22200","Body Weight",TRUE,"Dexamethasone"
"8124",6663,430,91,"2170","Total Fat Mass",TRUE,"Dexamethasone"
"8125",6663,430,91,"19160","Lean Mass",TRUE,"Dexamethasone"
"8126",6663,430,98,"23000","Body Weight",TRUE,"Dexamethasone"
"8127",6663,430,98,"2460","Total Fat Mass",TRUE,"Dexamethasone"
"8128",6663,430,98,"19340","Lean Mass",TRUE,"Dexamethasone"
"8129",6663,430,95,"1890,2450,1920,1930,2020","Grip Strength (4 Paw)",TRUE,"Dexamethasone"
"8130",6663,430,105,"22100","Body Weight",TRUE,"Dexamethasone"
"8131",6663,430,105,"2360","Total Fat Mass",TRUE,"Dexamethasone"
"8132",6663,430,105,"18840","Lean Mass",TRUE,"Dexamethasone"
"8133",6663,430,112,"23400","Body Weight",TRUE,"Dexamethasone"
"8134",6663,430,112,"2880","Total Fat Mass",TRUE,"Dexamethasone"
"8135",6663,430,112,"19570","Lean Mass",TRUE,"Dexamethasone"
"8136",6663,430,119,"23200","Body Weight",TRUE,"Dexamethasone"
"8137",6663,430,119,"3840","Total Fat Mass",TRUE,"Dexamethasone"
"8138",6663,430,119,"18450","Lean Mass",TRUE,"Dexamethasone"
"8139",6663,430,126,"24700","Body Weight",TRUE,"Dexamethasone"
"8140",6663,430,126,"1900,1440,2060,1820,1790","Grip Strength (4 Paw)",TRUE,"Dexamethasone"
"8141",6663,430,126,"4650","Total Fat Mass",TRUE,"Dexamethasone"
"8142",6663,430,126,"19130","Lean Mass",TRUE,"Dexamethasone"
"8143",6663,430,133,"24500","Body Weight",TRUE,"Dexamethasone"
"8144",6663,430,133,"4880","Total Fat Mass",TRUE,"Dexamethasone"
"8145",6663,430,133,"18780","Lean Mass",TRUE,"Dexamethasone"
"8146",6663,430,140,"25700","Body Weight",TRUE,"Dexamethasone"
"8147",6663,430,140,"5170","Total Fat Mass",TRUE,"Dexamethasone"
"8148",6663,430,140,"19550","Lean Mass",TRUE,"Dexamethasone"
"8149",6663,430,147,"25200","Body Weight",TRUE,"Dexamethasone"
"8150",6663,430,147,"5030","Total Fat Mass",TRUE,"Dexamethasone"
"8151",6663,430,147,"18600","Lean Mass",TRUE,"Dexamethasone"
"8152",6664,431,60,"2130","Total Fat Mass",TRUE,"Dexamethasone"
"8153",6664,431,60,"18630","Lean Mass",TRUE,"Dexamethasone"
"8154",6664,431,60,"21300","Body Weight",TRUE,"Dexamethasone"
"8155",6664,431,64,"21800","Body Weight",TRUE,"Dexamethasone"
"8156",6664,431,70,"2100","Total Fat Mass",TRUE,"Dexamethasone"
"8157",6664,431,70,"19420","Lean Mass",TRUE,"Dexamethasone"
"8158",6664,431,70,"25000","Body Weight",TRUE,"Dexamethasone"
"8159",6664,431,77,"20000","Body Weight",TRUE,"Dexamethasone"
"8160",6664,431,77,"2050","Total Fat Mass",TRUE,"Dexamethasone"
"8161",6664,431,77,"17500","Lean Mass",TRUE,"Dexamethasone"
"8162",6664,431,84,"19500","Body Weight",TRUE,"Dexamethasone"
"8163",6664,431,84,"1370","Total Fat Mass",TRUE,"Dexamethasone"
"8164",6664,431,84,"17560","Lean Mass",TRUE,"Dexamethasone"
"8165",6664,431,91,"19800","Body Weight",TRUE,"Dexamethasone"
"8166",6664,431,91,"1600","Total Fat Mass",TRUE,"Dexamethasone"
"8167",6664,431,91,"17480","Lean Mass",TRUE,"Dexamethasone"
"8168",6664,431,98,"20400","Body Weight",TRUE,"Dexamethasone"
"8169",6664,431,98,"2160","Total Fat Mass",TRUE,"Dexamethasone"
"8170",6664,431,98,"17550","Lean Mass",TRUE,"Dexamethasone"
"8171",6664,431,95,"1460,1500,1690,1520,1060","Grip Strength (4 Paw)",TRUE,"Dexamethasone"
"8172",6664,431,105,"19500","Body Weight",TRUE,"Dexamethasone"
"8173",6664,431,105,"1790","Total Fat Mass",TRUE,"Dexamethasone"
"8174",6664,431,105,"17000","Lean Mass",TRUE,"Dexamethasone"
"8175",6664,431,112,"20600","Body Weight",TRUE,"Dexamethasone"
"8176",6664,431,112,"2450","Total Fat Mass",TRUE,"Dexamethasone"
"8177",6664,431,112,"16950","Lean Mass",TRUE,"Dexamethasone"
"8178",6664,431,119,"20100","Body Weight",TRUE,"Dexamethasone"
"8179",6664,431,119,"2610","Total Fat Mass",TRUE,"Dexamethasone"
"8180",6664,431,119,"16410","Lean Mass",TRUE,"Dexamethasone"
"8181",6664,431,126,"20600","Body Weight",TRUE,"Dexamethasone"
"8182",6664,431,126,"2130,1370,1520,2090,1670","Grip Strength (4 Paw)",TRUE,"Dexamethasone"
"8183",6664,431,126,"2750","Total Fat Mass",TRUE,"Dexamethasone"
"8184",6664,431,126,"16890","Lean Mass",TRUE,"Dexamethasone"
"8185",6664,431,133,"20200","Body Weight",TRUE,"Dexamethasone"
"8186",6664,431,133,"2640","Total Fat Mass",TRUE,"Dexamethasone"
"8187",6664,431,133,"16980","Lean Mass",TRUE,"Dexamethasone"
"8188",6664,431,140,"21400","Body Weight",TRUE,"Dexamethasone"
"8189",6664,431,140,"3340","Total Fat Mass",TRUE,"Dexamethasone"
"8190",6664,431,140,"17130","Lean Mass",TRUE,"Dexamethasone"
"8191",6664,431,147,"21300","Body Weight",TRUE,"Dexamethasone"
"8192",6664,431,147,"3220","Total Fat Mass",TRUE,"Dexamethasone"
"8193",6664,431,147,"17460","Lean Mass",TRUE,"Dexamethasone"
"8194",6664,431,154,"20300","Body Weight",TRUE,"Dexamethasone"
"8195",6664,431,154,"115,101,115,130,111,108,101,103,110","Plasma Glucose",TRUE,"Dexamethasone"
"8196",6664,431,151,"21200","Body Weight",TRUE,"Dexamethasone"
"8197",6664,431,158,"2430,2080,2590,2560,1740","Grip Strength (4 Paw)",TRUE,"Dexamethasone"
"8198",6665,432,60,"1660","Total Fat Mass",TRUE,"Dexamethasone"
"8199",6665,432,60,"17530","Lean Mass",TRUE,"Dexamethasone"
"8200",6665,432,60,"20000","Body Weight",TRUE,"Dexamethasone"
"8201",6665,432,64,"21200","Body Weight",TRUE,"Dexamethasone"
"8202",6665,432,70,"1580","Total Fat Mass",TRUE,"Dexamethasone"
"8203",6665,432,70,"19330","Lean Mass",TRUE,"Dexamethasone"
"8204",6665,432,70,"23090","Body Weight",TRUE,"Dexamethasone"
"8205",6665,432,77,"19900","Body Weight",TRUE,"Dexamethasone"
"8206",6665,432,77,"1700","Total Fat Mass",TRUE,"Dexamethasone"
"8207",6665,432,77,"17430","Lean Mass",TRUE,"Dexamethasone"
"8208",6665,432,84,"18700","Body Weight",TRUE,"Dexamethasone"
"8209",6665,432,84,"1240","Total Fat Mass",TRUE,"Dexamethasone"
"8210",6665,432,84,"16900","Lean Mass",TRUE,"Dexamethasone"
"8211",6665,432,91,"18900","Body Weight",TRUE,"Dexamethasone"
"8212",6665,432,91,"1560","Total Fat Mass",TRUE,"Dexamethasone"
"8213",6665,432,91,"17200","Lean Mass",TRUE,"Dexamethasone"
"8214",6665,432,98,"19100","Body Weight",TRUE,"Dexamethasone"
"8215",6665,432,98,"1810","Total Fat Mass",TRUE,"Dexamethasone"
"8216",6665,432,98,"16820","Lean Mass",TRUE,"Dexamethasone"
"8217",6665,432,95,"1220,1370,1480,1330,1050","Grip Strength (4 Paw)",TRUE,"Dexamethasone"
"8218",6665,432,105,"18800","Body Weight",TRUE,"Dexamethasone"
"8219",6665,432,105,"1560","Total Fat Mass",TRUE,"Dexamethasone"
"8220",6665,432,105,"16580","Lean Mass",TRUE,"Dexamethasone"
"8221",6665,432,112,"19500","Body Weight",TRUE,"Dexamethasone"
"8222",6665,432,112,"2070","Total Fat Mass",TRUE,"Dexamethasone"
"8223",6665,432,112,"16620","Lean Mass",TRUE,"Dexamethasone"
"8224",6665,432,119,"19100","Body Weight",TRUE,"Dexamethasone"
"8225",6665,432,119,"1980","Total Fat Mass",TRUE,"Dexamethasone"
"8226",6665,432,119,"16610","Lean Mass",TRUE,"Dexamethasone"
"8227",6665,432,126,"19800","Body Weight",TRUE,"Dexamethasone"
"8228",6665,432,126,"1320,1760,1520,1220,1180","Grip Strength (4 Paw)",TRUE,"Dexamethasone"
"8229",6665,432,126,"2540","Total Fat Mass",TRUE,"Dexamethasone"
"8230",6665,432,126,"16750","Lean Mass",TRUE,"Dexamethasone"
"8231",6665,432,133,"20400","Body Weight",TRUE,"Dexamethasone"
"8232",6665,432,133,"2860","Total Fat Mass",TRUE,"Dexamethasone"
"8233",6665,432,133,"16980","Lean Mass",TRUE,"Dexamethasone"
"8234",6665,432,140,"21600","Body Weight",TRUE,"Dexamethasone"
"8235",6665,432,140,"3330","Total Fat Mass",TRUE,"Dexamethasone"
"8236",6665,432,140,"17090","Lean Mass",TRUE,"Dexamethasone"
"8237",6665,432,147,"21900","Body Weight",TRUE,"Dexamethasone"
"8238",6665,432,147,"3590","Total Fat Mass",TRUE,"Dexamethasone"
"8239",6665,432,147,"17540","Lean Mass",TRUE,"Dexamethasone"
"8240",6665,432,154,"20700","Body Weight",TRUE,"Dexamethasone"
"8241",6665,432,154,"130,138,121,130,141,133,145,116,116","Plasma Glucose",TRUE,"Dexamethasone"
"8242",6665,432,151,"22200","Body Weight",TRUE,"Dexamethasone"
"8243",6665,432,158,"1750,1780,2520,1880,1940","Grip Strength (4 Paw)",TRUE,"Dexamethasone"
"8244",6666,433,60,"2260","Total Fat Mass",TRUE,"Dexamethasone"
"8245",6666,433,60,"18510","Lean Mass",TRUE,"Dexamethasone"
"8246",6666,433,60,"21600","Body Weight",TRUE,"Dexamethasone"
"8247",6666,433,64,"22600","Body Weight",TRUE,"Dexamethasone"
"8248",6666,433,70,"1530","Total Fat Mass",TRUE,"Dexamethasone"
"8249",6666,433,70,"21200","Lean Mass",TRUE,"Dexamethasone"
"8250",6666,433,70,"21320","Body Weight",TRUE,"Dexamethasone"
"8251",6666,433,77,"1710","Total Fat Mass",TRUE,"Dexamethasone"
"8252",6666,433,77,"21800","Body Weight",TRUE,"Dexamethasone"
"8253",6666,433,77,"19490","Lean Mass",TRUE,"Dexamethasone"
"8254",6666,433,84,"21000","Body Weight",TRUE,"Dexamethasone"
"8255",6666,433,84,"1480","Total Fat Mass",TRUE,"Dexamethasone"
"8256",6666,433,84,"18710","Lean Mass",TRUE,"Dexamethasone"
"8257",6666,433,91,"21200","Body Weight",TRUE,"Dexamethasone"
"8258",6666,433,91,"1770","Total Fat Mass",TRUE,"Dexamethasone"
"8259",6666,433,91,"18880","Lean Mass",TRUE,"Dexamethasone"
"8260",6666,433,98,"21700","Body Weight",TRUE,"Dexamethasone"
"8261",6666,433,98,"1900","Total Fat Mass",TRUE,"Dexamethasone"
"8262",6666,433,98,"19360","Lean Mass",TRUE,"Dexamethasone"
"8263",6666,433,95,"1890,1520,1680,1540,1600","Grip Strength (4 Paw)",TRUE,"Dexamethasone"
"8264",6666,433,105,"21000","Body Weight",TRUE,"Dexamethasone"
"8265",6666,433,105,"1970","Total Fat Mass",TRUE,"Dexamethasone"
"8266",6666,433,105,"18320","Lean Mass",TRUE,"Dexamethasone"
"8267",6666,433,112,"22000","Body Weight",TRUE,"Dexamethasone"
"8268",6666,433,112,"2170","Total Fat Mass",TRUE,"Dexamethasone"
"8269",6666,433,112,"19010","Lean Mass",TRUE,"Dexamethasone"
"8270",6666,433,119,"22400","Body Weight",TRUE,"Dexamethasone"
"8271",6666,433,119,"2820","Total Fat Mass",TRUE,"Dexamethasone"
"8272",6666,433,119,"18810","Lean Mass",TRUE,"Dexamethasone"
"8273",6666,433,126,"23100","Body Weight",TRUE,"Dexamethasone"
"8274",6666,433,126,"2350,1220,1410,2240,2230","Grip Strength (4 Paw)",TRUE,"Dexamethasone"
"8275",6666,433,126,"3440","Total Fat Mass",TRUE,"Dexamethasone"
"8276",6666,433,126,"18850","Lean Mass",TRUE,"Dexamethasone"
"8277",6666,433,133,"23700","Body Weight",TRUE,"Dexamethasone"
"8278",6666,433,133,"3970","Total Fat Mass",TRUE,"Dexamethasone"
"8279",6666,433,133,"19110","Lean Mass",TRUE,"Dexamethasone"
"8280",6666,433,140,"24200","Body Weight",TRUE,"Dexamethasone"
"8281",6666,433,140,"3900","Total Fat Mass",TRUE,"Dexamethasone"
"8282",6666,433,140,"19390","Lean Mass",TRUE,"Dexamethasone"
"8283",6666,433,147,"23100","Body Weight",TRUE,"Dexamethasone"
"8284",6666,433,147,"3730","Total Fat Mass",TRUE,"Dexamethasone"
"8285",6666,433,147,"18290","Lean Mass",TRUE,"Dexamethasone"
"8286",6666,433,151,"23500","Body Weight",TRUE,"Dexamethasone"
"8287",6994,1770,67,"22220","Body Weight",FALSE,"Water"
"8288",6994,1770,67,"2160","Total Fat Mass",FALSE,"Water"
"8289",6994,1770,67,"19350","Lean Mass",FALSE,"Water"
"8290",6994,1770,70,"21700","Body Weight",FALSE,"Water"
"8291",6994,1770,70,"2030","Total Fat Mass",FALSE,"Water"
"8292",6994,1770,70,"19950","Lean Mass",FALSE,"Water"
"8293",6994,1770,73,"22300","Body Weight",FALSE,"Water"
"8294",6994,1770,73,"1200","Total Fat Mass",FALSE,"Water"
"8295",6994,1770,73,"20230","Lean Mass",FALSE,"Water"
"8296",6994,1770,77,"23200","Body Weight",FALSE,"Water"
"8297",6994,1770,77,"1520","Total Fat Mass",FALSE,"Water"
"8298",6994,1770,77,"20850","Lean Mass",FALSE,"Water"
"8299",6994,1770,77,"2660,2060,2280,1920,2150","Grip Strength (4 Paw)",FALSE,"Water"
"8300",6994,1770,73,"2050,2640,2100,2020,2090","Grip Strength (4 Paw)",FALSE,"Water"
"8301",6994,1770,77,"176","Plasma Glucose",FALSE,"Water"
"8302",6995,1771,67,"27800","Body Weight",FALSE,"Water"
"8303",6995,1771,67,"1230","Total Fat Mass",FALSE,"Water"
"8304",6995,1771,67,"25870","Lean Mass",FALSE,"Water"
"8305",6995,1771,70,"28900","Body Weight",FALSE,"Water"
"8306",6995,1771,70,"1610","Total Fat Mass",FALSE,"Water"
"8307",6995,1771,70,"26690","Lean Mass",FALSE,"Water"
"8308",6995,1771,73,"29200","Body Weight",FALSE,"Water"
"8309",6995,1771,73,"1250","Total Fat Mass",FALSE,"Water"
"8310",6995,1771,73,"26780","Lean Mass",FALSE,"Water"
"8311",6995,1771,77,"29600","Body Weight",FALSE,"Water"
"8312",6995,1771,77,"1820","Total Fat Mass",FALSE,"Water"
"8313",6995,1771,77,"26860","Lean Mass",FALSE,"Water"
"8314",6995,1771,77,"1920,2670,2660,2270,2410","Grip Strength (4 Paw)",FALSE,"Water"
"8315",6995,1771,73,"1870,1850,3130,2360,2730","Grip Strength (4 Paw)",FALSE,"Water"
"8316",6995,1771,77,"160","Plasma Glucose",FALSE,"Water"
"8317",6996,1772,67,"23980","Body Weight",TRUE,"Dexamethasone"
"8318",6996,1772,67,"1920","Total Fat Mass",TRUE,"Dexamethasone"
"8319",6996,1772,67,"20900","Lean Mass",TRUE,"Dexamethasone"
"8320",6996,1772,70,"24900","Body Weight",TRUE,"Dexamethasone"
"8321",6996,1772,70,"2270","Total Fat Mass",TRUE,"Dexamethasone"
"8322",6996,1772,70,"22770","Lean Mass",TRUE,"Dexamethasone"
"8323",6996,1772,73,"24100","Body Weight",TRUE,"Dexamethasone"
"8324",6996,1772,73,"3300","Total Fat Mass",TRUE,"Dexamethasone"
"8325",6996,1772,73,"20000","Lean Mass",TRUE,"Dexamethasone"
"8326",6996,1772,77,"22500","Body Weight",TRUE,"Dexamethasone"
"8327",6996,1772,77,"2700","Total Fat Mass",TRUE,"Dexamethasone"
"8328",6996,1772,77,"18680","Lean Mass",TRUE,"Dexamethasone"
"8329",6996,1772,77,"1720,1430,1830,1970,2110","Grip Strength (4 Paw)",TRUE,"Dexamethasone"
"8330",6996,1772,73,"2110,2440,1930,2250,2330","Grip Strength (4 Paw)",TRUE,"Dexamethasone"
"8331",6996,1772,77,"137","Plasma Glucose",TRUE,"Dexamethasone"
"8332",6997,1773,67,"26480","Body Weight",TRUE,"Dexamethasone"
"8333",6997,1773,67,"1680","Total Fat Mass",TRUE,"Dexamethasone"
"8334",6997,1773,67,"23840","Lean Mass",TRUE,"Dexamethasone"
"8335",6997,1773,70,"26400","Body Weight",TRUE,"Dexamethasone"
"8336",6997,1773,70,"1750","Total Fat Mass",TRUE,"Dexamethasone"
"8337",6997,1773,70,"24960","Lean Mass",TRUE,"Dexamethasone"
"8338",6997,1773,73,"24400","Body Weight",TRUE,"Dexamethasone"
"8339",6997,1773,73,"1660","Total Fat Mass",TRUE,"Dexamethasone"
"8340",6997,1773,73,"21650","Lean Mass",TRUE,"Dexamethasone"
"8341",6997,1773,77,"24000","Body Weight",TRUE,"Dexamethasone"
"8342",6997,1773,77,"1910","Total Fat Mass",TRUE,"Dexamethasone"
"8343",6997,1773,77,"21110","Lean Mass",TRUE,"Dexamethasone"
"8344",6997,1773,77,"2280,1930,2910,2680,2700","Grip Strength (4 Paw)",TRUE,"Dexamethasone"
"8345",6997,1773,73,"2290,2250,2170,2500,2420","Grip Strength (4 Paw)",TRUE,"Dexamethasone"
"8346",6997,1773,77,"182","Plasma Glucose",TRUE,"Dexamethasone"
"8347",6997,1773,77,"14200","Body Weight",TRUE,"Dexamethasone"
"8453",7003,1740,67,"26880","Body Weight",TRUE,"Dexamethasone"
"8454",7003,1740,67,"1860","Total Fat Mass",TRUE,"Dexamethasone"
"8455",7003,1740,67,"24210","Lean Mass",TRUE,"Dexamethasone"
"8456",7003,1740,70,"26300","Body Weight",TRUE,"Dexamethasone"
"8457",7003,1740,70,"1500","Total Fat Mass",TRUE,"Dexamethasone"
"8458",7003,1740,70,"24880","Lean Mass",TRUE,"Dexamethasone"
"8459",7003,1740,73,"25700","Body Weight",TRUE,"Dexamethasone"
"8460",7003,1740,73,"1600","Total Fat Mass",TRUE,"Dexamethasone"
"8461",7003,1740,73,"23260","Lean Mass",TRUE,"Dexamethasone"
"8462",7003,1740,77,"24600","Body Weight",TRUE,"Dexamethasone"
"8463",7003,1740,77,"1660","Total Fat Mass",TRUE,"Dexamethasone"
"8464",7003,1740,77,"22060","Lean Mass",TRUE,"Dexamethasone"
"8465",7003,1740,77,"2100,2440,2360,2000,2050","Grip Strength (4 Paw)",TRUE,"Dexamethasone"
"8466",7003,1740,73,"2570,2790,2960,2370,2530,2550","Grip Strength (4 Paw)",TRUE,"Dexamethasone"
"8467",7003,1740,77,"91","Plasma Glucose",TRUE,"Dexamethasone"
"8468",7004,1741,67,"26400","Body Weight",FALSE,"Water"
"8469",7004,1741,67,"2120","Total Fat Mass",FALSE,"Water"
"8470",7004,1741,67,"23150","Lean Mass",FALSE,"Water"
"8471",7004,1741,70,"25900","Body Weight",FALSE,"Water"
"8472",7004,1741,70,"1780","Total Fat Mass",FALSE,"Water"
"8473",7004,1741,70,"24090","Lean Mass",FALSE,"Water"
"8474",7004,1741,73,"25600","Body Weight",FALSE,"Water"
"8475",7004,1741,73,"1770","Total Fat Mass",FALSE,"Water"
"8476",7004,1741,73,"22850","Lean Mass",FALSE,"Water"
"8477",7004,1741,77,"26200","Body Weight",FALSE,"Water"
"8478",7004,1741,77,"1920","Total Fat Mass",FALSE,"Water"
"8479",7004,1741,77,"23670","Lean Mass",FALSE,"Water"
"8480",7004,1741,77,"2310,2510,2230,3000,2120","Grip Strength (4 Paw)",FALSE,"Water"
"8481",7004,1741,73,"2280,1780,2090,1990,2350","Grip Strength (4 Paw)",FALSE,"Water"
"8482",7004,1741,77,"180","Plasma Glucose",FALSE,"Water"
"8483",7005,1742,67,"23800","Body Weight",FALSE,"Water"
"8484",7005,1742,67,"2260","Total Fat Mass",FALSE,"Water"
"8485",7005,1742,67,"20880","Lean Mass",FALSE,"Water"
"8486",7005,1742,70,"24400","Body Weight",FALSE,"Water"
"8487",7005,1742,70,"2420","Total Fat Mass",FALSE,"Water"
"8488",7005,1742,70,"22230","Lean Mass",FALSE,"Water"
"8489",7005,1742,73,"24400","Body Weight",FALSE,"Water"
"8490",7005,1742,73,"2040","Total Fat Mass",FALSE,"Water"
"8491",7005,1742,73,"21600","Lean Mass",FALSE,"Water"
"8492",7005,1742,77,"24800","Body Weight",FALSE,"Water"
"8493",7005,1742,77,"1820","Total Fat Mass",FALSE,"Water"
"8494",7005,1742,77,"22360","Lean Mass",FALSE,"Water"
"8495",7005,1742,77,"2340,2600,2330,1940,2600","Grip Strength (4 Paw)",FALSE,"Water"
"8496",7005,1742,73,"2430,3060,3010,2510,2180","Grip Strength (4 Paw)",FALSE,"Water"
"8497",7005,1742,77,"131","Plasma Glucose",FALSE,"Water"
"8498",7006,1743,67,"24570","Body Weight",TRUE,"Dexamethasone"
"8499",7006,1743,67,"3150","Total Fat Mass",TRUE,"Dexamethasone"
"8500",7006,1743,67,"20590","Lean Mass",TRUE,"Dexamethasone"
"8501",7006,1743,70,"25000","Body Weight",TRUE,"Dexamethasone"
"8502",7006,1743,70,"2570","Total Fat Mass",TRUE,"Dexamethasone"
"8503",7006,1743,70,"22190","Lean Mass",TRUE,"Dexamethasone"
"8504",7006,1743,73,"23700","Body Weight",TRUE,"Dexamethasone"
"8505",7006,1743,73,"2610","Total Fat Mass",TRUE,"Dexamethasone"
"8506",7006,1743,73,"20150","Lean Mass",TRUE,"Dexamethasone"
"8507",7006,1743,77,"23200","Body Weight",TRUE,"Dexamethasone"
"8508",7006,1743,77,"2740","Total Fat Mass",TRUE,"Dexamethasone"
"8509",7006,1743,77,"19510","Lean Mass",TRUE,"Dexamethasone"
"8510",7006,1743,77,"2030,1920,1940,2060,2150","Grip Strength (4 Paw)",TRUE,"Dexamethasone"
"8511",7006,1743,73,"2200,2040,2410,2560,2260","Grip Strength (4 Paw)",TRUE,"Dexamethasone"
"8512",7006,1743,77,"116","Plasma Glucose",TRUE,"Dexamethasone"
